season,cut,team,D
2022,3,Air Force,0.0021167867354111836
2022,3,Akron,-0.024629995518275466
2022,3,Alabama,0.011336122508883377
2022,3,App State,0.002351628816282212
2022,3,Arizona,-0.004455135675736053
2022,3,Arizona State,-0.034770023818748844
2022,3,Arkansas,0.04036119380649092
2022,3,Arkansas State,0.007119253066180025
2022,3,Army,-0.040300662261119086
2022,3,Auburn,0.026194329754313603
2022,3,Ball State,-0.01678358468326102
2022,3,Baylor,0.02536463411921512
2022,3,Boise State,-0.003125316004674982
2022,3,Boston College,-0.01663417604087775
2022,3,Bowling Green,0.01471754643963503
2022,3,Buffalo,-0.05140807797740216
2022,3,California,-0.025536507835231707
2022,3,Central Michigan,-0.00925031525203846
2022,3,Charlotte,-0.01756292402501245
2022,3,Cincinnati,0.004695931235682571
2022,3,Clemson,0.02915419356247007
2022,3,Coastal Carolina,0.00589429066738139
2022,3,Colorado,-0.03376365977750695
2022,3,Colorado State,-0.013602375304853108
2022,3,Duke,0.011400468147497919
2022,3,East Carolina,-0.0036062418966007525
2022,3,Eastern Michigan,-0.004070593323706812
2022,3,Florida,0.0013820011446090503
2022,3,Florida Atlantic,-0.02844136378118192
2022,3,Florida International,-0.03831807458910639
2022,3,Florida State,0.005318961241934052
2022,3,Fresno State,-0.022829612708233856
2022,3,Georgia,0.02322942931887053
2022,3,Georgia Southern,-0.027286519469313868
2022,3,Georgia State,-0.07563867770483058
2022,3,Georgia Tech,-0.009088338526218626
2022,3,Hawai'i,-0.020552276026876343
2022,3,Houston,-0.020003082919005568
2022,3,Illinois,0.006630011906227285
2022,3,Indiana,0.008452998179780447
2022,3,Iowa,0.01218598168182452
2022,3,Iowa State,0.008465210653914111
2022,3,James Madison,0.01973361578277018
2022,3,Kansas,0.022940752585477012
2022,3,Kansas State,0.01752612153899799
2022,3,Kent State,0.001420584611677332
2022,3,Kentucky,-0.006956164136787157
2022,3,LSU,-0.002157179730786343
2022,3,Louisiana,-0.004553786235375593
2022,3,Louisiana Tech,-0.03592605614655975
2022,3,Louisville,-0.023460639825871366
2022,3,Marshall,-0.02734818003354754
2022,3,Maryland,0.000571226544258409
2022,3,Massachusetts,-0.021753141279156406
2022,3,Memphis,-0.0057205510789344275
2022,3,Miami,0.010842098128302627
2022,3,Miami (OH),-0.017287743512765436
2022,3,Michigan,0.006682738537733131
2022,3,Michigan State,-0.003446458784258082
2022,3,Middle Tennessee,-0.015115185739772897
2022,3,Minnesota,0.028461032674745996
2022,3,Mississippi State,0.01692213348864582
2022,3,Missouri,-0.008799056105179521
2022,3,NC State,0.001394715290778302
2022,3,Navy,0.006812584232678833
2022,3,Nebraska,0.004817677724937344
2022,3,Nevada,-0.036527633843910556
2022,3,New Mexico,-0.06034208211746941
2022,3,North Carolina,-0.00887252631137746
2022,3,North Texas,-0.018555204785899216
2022,3,Northern Illinois,0.003957236650834208
2022,3,Northwestern,-0.010148240859622583
2022,3,Notre Dame,0.01664032421023615
2022,3,Ohio,-0.010270851481625232
2022,3,Ohio State,0.030849983071456186
2022,3,Oklahoma,0.0059770048335541425
2022,3,Oklahoma State,0.027611080189349498
2022,3,Old Dominion,-0.006226527822576002
2022,3,Ole Miss,0.01805529589762007
2022,3,Oregon,0.008004348509389633
2022,3,Oregon State,0.014213852403230467
2022,3,Penn State,0.006920801478071273
2022,3,Pittsburgh,-0.003867923639761541
2022,3,Purdue,0.004547932237136297
2022,3,Rice,-0.04125526178239549
2022,3,Rutgers,0.012144629194101881
2022,3,SMU,0.014519749301017052
2022,3,San Diego State,-0.023223294154791286
2022,3,San José State,-0.03119092545912395
2022,3,South Alabama,0.0055527854363417424
2022,3,South Carolina,-0.04209214297917694
2022,3,South Florida,-0.018759158931214565
2022,3,Southern Miss,-0.002670523081617748
2022,3,Stanford,-0.0026423455563683316
2022,3,Syracuse,0.01720248330206972
2022,3,TCU,0.00842257152164259
2022,3,Temple,0.00936485368504034
2022,3,Tennessee,0.008501236563153259
2022,3,Texas,0.022885504404477765
2022,3,Texas A&M,-0.026092017508140122
2022,3,Texas State,0.003982839565869942
2022,3,Texas Tech,-0.00555598266418302
2022,3,Toledo,0.008686452683313663
2022,3,Troy,-0.02092418999902516
2022,3,Tulane,0.00748116164886327
2022,3,Tulsa,0.00652539008025366
2022,3,UAB,-0.004058188244975947
2022,3,UCF,0.02152967101742365
2022,3,UCLA,0.011882356440585417
2022,3,UConn,-0.017999130739770646
2022,3,UL Monroe,-0.021523109554063988
2022,3,UNLV,-0.009047363421641284
2022,3,USC,0.021862157164710246
2022,3,UTEP,-0.020949429131479253
2022,3,UTSA,-0.021622075211049804
2022,3,Utah,9.767422042175015e-05
2022,3,Utah State,-0.014225786175157972
2022,3,Vanderbilt,-0.008950945621591282
2022,3,Virginia,-0.02860457419096927
2022,3,Virginia Tech,-0.02195847337400655
2022,3,Wake Forest,0.022200028586932073
2022,3,Washington,0.03278763042889775
2022,3,Washington State,0.00761339284288385
2022,3,West Virginia,-0.007527726488802941
2022,3,Western Kentucky,-0.014013360775687688
2022,3,Western Michigan,-0.052641084128448784
2022,3,Wisconsin,0.029688408682929407
2022,3,Wyoming,0.03137692953232059
2022,6,Air Force,0.014152395224850456
2022,6,Akron,-0.052662771512955876
2022,6,Alabama,0.03240552235598806
2022,6,App State,-0.001487884422254186
2022,6,Arizona,-0.025298328151141698
2022,6,Arizona State,-0.03451549468393865
2022,6,Arkansas,0.03965790259698753
2022,6,Arkansas State,0.005766669332055391
2022,6,Army,-0.03880374077219216
2022,6,Auburn,0.0067431896922479214
2022,6,Ball State,-0.009842459535136171
2022,6,Baylor,0.0244080078455456
2022,6,Boise State,0.01338205729603362
2022,6,Boston College,-0.02761972103419429
2022,6,Bowling Green,-0.010133135592278157
2022,6,Buffalo,-0.07168701837741245
2022,6,California,-0.02612537018825558
2022,6,Central Michigan,-0.03182312128299898
2022,6,Charlotte,-0.039158636594981956
2022,6,Cincinnati,0.023924727399287554
2022,6,Clemson,0.058588833378802024
2022,6,Coastal Carolina,0.01280020463927333
2022,6,Colorado,-0.04160156742321686
2022,6,Colorado State,-0.024177432458094526
2022,6,Duke,0.029509562882385976
2022,6,East Carolina,0.0027997626496373863
2022,6,Eastern Michigan,-0.008928630765031293
2022,6,Florida,0.013886857650738372
2022,6,Florida Atlantic,-0.022976684325502917
2022,6,Florida International,-0.03674073715006287
2022,6,Florida State,0.0050642031271487834
2022,6,Fresno State,-0.03331197619346288
2022,6,Georgia,0.055835691637903105
2022,6,Georgia Southern,-0.008259535987690528
2022,6,Georgia State,-0.06706497142301004
2022,6,Georgia Tech,-0.007221133684072026
2022,6,Hawai'i,-0.01890651693626799
2022,6,Houston,0.002555823367613079
2022,6,Illinois,0.04970779439661177
2022,6,Indiana,-0.019394489111660553
2022,6,Iowa,8.893454486048532e-05
2022,6,Iowa State,-0.01223506051370577
2022,6,James Madison,0.0297070004174182
2022,6,Kansas,0.015173127075306636
2022,6,Kansas State,0.025389503641230226
2022,6,Kent State,0.0003839467016622036
2022,6,Kentucky,-0.002281788392299441
2022,6,LSU,0.006055068116786048
2022,6,Louisiana,-0.0133243088278933
2022,6,Louisiana Tech,-0.029442520696214232
2022,6,Louisville,-0.0034195981150618605
2022,6,Marshall,-0.025726002462924058
2022,6,Maryland,0.0045790013815494215
2022,6,Massachusetts,-0.03221843136207087
2022,6,Memphis,-0.004633638733090483
2022,6,Miami,0.015423009030331765
2022,6,Miami (OH),-0.02677487668908069
2022,6,Michigan,0.038959753783325855
2022,6,Michigan State,-0.008591171040027854
2022,6,Middle Tennessee,-0.025404578412260907
2022,6,Minnesota,0.02549218055764484
2022,6,Mississippi State,-0.003920870615369822
2022,6,Missouri,-0.007864421558448754
2022,6,NC State,-0.006242426898863218
2022,6,Navy,0.010802547168759686
2022,6,Nebraska,-0.013797711000587477
2022,6,Nevada,-0.04156231303390163
2022,6,New Mexico,-0.07057293273568506
2022,6,North Carolina,-0.0014322490177868337
2022,6,North Texas,-0.01507620878592458
2022,6,Northern Illinois,0.00975428281817266
2022,6,Northwestern,-0.03182552838467497
2022,6,Notre Dame,0.03965117276091952
2022,6,Ohio,-0.018129910958731506
2022,6,Ohio State,0.05148695063002697
2022,6,Oklahoma,-0.006992733854389157
2022,6,Oklahoma State,0.016782645398628677
2022,6,Old Dominion,-0.021707302136281525
2022,6,Ole Miss,0.027616732874212273
2022,6,Oregon,0.024182845316872058
2022,6,Oregon State,0.011778209451519379
2022,6,Penn State,0.00044467910334895793
2022,6,Pittsburgh,0.0010421186362728815
2022,6,Purdue,0.006344328939417954
2022,6,Rice,-0.039687640321087944
2022,6,Rutgers,-0.007810670135665118
2022,6,SMU,-0.00898847356056121
2022,6,San Diego State,-0.05451718841659453
2022,6,San José State,-0.024091740269122534
2022,6,South Alabama,-0.007558025805718167
2022,6,South Carolina,-0.01758676234497303
2022,6,South Florida,-0.016128558740761138
2022,6,Southern Miss,-0.0065949422864819696
2022,6,Stanford,-0.007439838908733832
2022,6,Syracuse,0.009724368103984835
2022,6,TCU,0.017371423427730685
2022,6,Temple,-0.01500357842313461
2022,6,Tennessee,0.019246934261573256
2022,6,Texas,0.03138488501128452
2022,6,Texas A&M,-0.025852615137205326
2022,6,Texas State,0.011223405898643965
2022,6,Texas Tech,-0.00696560828387456
2022,6,Toledo,0.014200006575101046
2022,6,Troy,-0.0005892191437885903
2022,6,Tulane,0.005807835642288927
2022,6,Tulsa,-0.022232852303679104
2022,6,UAB,-0.0006539389182071079
2022,6,UCF,0.003786232354280952
2022,6,UCLA,0.02957664464676865
2022,6,UConn,-0.03454258730628436
2022,6,UL Monroe,-0.016396300360477022
2022,6,UNLV,-0.008011017063340205
2022,6,USC,0.02800117138017775
2022,6,UTEP,-0.030148584298624083
2022,6,UTSA,0.01877606551309248
2022,6,Utah,0.0017602451908090093
2022,6,Utah State,-0.030713748150287375
2022,6,Vanderbilt,-0.02330965747057935
2022,6,Virginia,-0.03861682601666237
2022,6,Virginia Tech,-0.02426884053228967
2022,6,Wake Forest,0.024727522917705514
2022,6,Washington,0.03724625386113532
2022,6,Washington State,0.008069114980690479
2022,6,West Virginia,-0.0029069199233831902
2022,6,Western Kentucky,0.0004326513729785973
2022,6,Western Michigan,-0.04776131461676301
2022,6,Wisconsin,0.031735599586206434
2022,6,Wyoming,0.003592227527592986
2022,9,Air Force,0.008871770614216113
2022,9,Akron,-0.0469106097813958
2022,9,Alabama,0.024938539927982492
2022,9,App State,0.004172688483408198
2022,9,Arizona,-0.020531043668063
2022,9,Arizona State,-0.031411132048729654
2022,9,Arkansas,0.03097409767358661
2022,9,Arkansas State,-0.004627366872069485
2022,9,Army,-0.027048419639814088
2022,9,Auburn,-0.012489163465226336
2022,9,Ball State,-0.02202779840496296
2022,9,Baylor,0.019944371337473624
2022,9,Boise State,0.018676868690698765
2022,9,Boston College,-0.018917382344532163
2022,9,Bowling Green,-0.008673380583031565
2022,9,Buffalo,-0.045525135863490516
2022,9,California,-0.04333323722830407
2022,9,Central Michigan,-0.03779278231140703
2022,9,Charlotte,-0.0355209908230326
2022,9,Cincinnati,0.012391602613545251
2022,9,Clemson,0.04632088528802486
2022,9,Coastal Carolina,0.012978604649659706
2022,9,Colorado,-0.052676110266255
2022,9,Colorado State,-0.03936686978035872
2022,9,Duke,0.031551248178066336
2022,9,East Carolina,-0.002853681655758283
2022,9,Eastern Michigan,-0.0196701644259996
2022,9,Florida,0.015440064369839978
2022,9,Florida Atlantic,-0.025010140524403715
2022,9,Florida International,-0.0325629327229652
2022,9,Florida State,0.011479289686031766
2022,9,Fresno State,-0.01980669580229985
2022,9,Georgia,0.03507676147453391
2022,9,Georgia Southern,-0.011269184378709562
2022,9,Georgia State,-0.05678472216892658
2022,9,Georgia Tech,-0.013308620795253665
2022,9,Hawai'i,-0.028753406761408806
2022,9,Houston,0.00559010847007151
2022,9,Illinois,0.04783226661004288
2022,9,Indiana,-0.013655087832962048
2022,9,Iowa,-0.010518106308560371
2022,9,Iowa State,-0.016099686945482965
2022,9,James Madison,0.028560370985406484
2022,9,Kansas,0.0019361341736173917
2022,9,Kansas State,0.02037189751539549
2022,9,Kent State,-0.0024663233084142675
2022,9,Kentucky,-0.008057650798953642
2022,9,LSU,0.01631216699990426
2022,9,Louisiana,-0.011471295590815398
2022,9,Louisiana Tech,-0.040487702017577204
2022,9,Louisville,0.0018193716913505868
2022,9,Marshall,-0.017947220509353014
2022,9,Maryland,-0.002321333787732021
2022,9,Massachusetts,-0.03303376867540201
2022,9,Memphis,0.001332017024436373
2022,9,Miami,0.01397006895149192
2022,9,Miami (OH),-0.036710066338554136
2022,9,Michigan,0.03620797088786595
2022,9,Michigan State,-0.007859888099596861
2022,9,Middle Tennessee,-0.021430017028873316
2022,9,Minnesota,0.015422524052786222
2022,9,Mississippi State,-0.018573406257736794
2022,9,Missouri,-0.001251591464504361
2022,9,NC State,-0.008272668475298162
2022,9,Navy,0.012535061987011233
2022,9,Nebraska,-0.01758818776243864
2022,9,Nevada,-0.05048268028167903
2022,9,New Mexico,-0.06594023436956775
2022,9,North Carolina,0.010866892729330585
2022,9,North Texas,-0.012882336039534597
2022,9,Northern Illinois,-0.004477600724843758
2022,9,Northwestern,-0.023904364260853305
2022,9,Notre Dame,0.030580111548384834
2022,9,Ohio,-0.011728949315677736
2022,9,Ohio State,0.036702638048340286
2022,9,Oklahoma,0.011759328875395427
2022,9,Oklahoma State,0.0016144459819011755
2022,9,Old Dominion,-0.023455665758356708
2022,9,Ole Miss,0.012521289062095726
2022,9,Oregon,0.029543887159287664
2022,9,Oregon State,0.01102238328758755
2022,9,Penn State,0.0012818626839642758
2022,9,Pittsburgh,-0.010288779603485128
2022,9,Purdue,-0.0005266832326356071
2022,9,Rice,-0.040734207936414774
2022,9,Rutgers,-0.008931261752052227
2022,9,SMU,-0.02542353562929102
2022,9,San Diego State,-0.03738796697961548
2022,9,San José State,-0.022200545297028525
2022,9,South Alabama,0.009714632207275723
2022,9,South Carolina,-0.012494440478932596
2022,9,South Florida,-0.012157780412161
2022,9,Southern Miss,-0.02137902858615188
2022,9,Stanford,-0.015275035008347065
2022,9,Syracuse,-0.0023490600918406332
2022,9,TCU,0.024263940672283234
2022,9,Temple,-0.03833089041741647
2022,9,Tennessee,0.01759244328364667
2022,9,Texas,0.023310910930492347
2022,9,Texas A&M,-0.017328679330435047
2022,9,Texas State,0.0011716463314279378
2022,9,Texas Tech,-0.015616543344573745
2022,9,Toledo,0.01445708820266975
2022,9,Troy,0.00049957447786998
2022,9,Tulane,0.011338792059348297
2022,9,Tulsa,-0.030372905286976875
2022,9,UAB,-0.008199399844297203
2022,9,UCF,0.017145718388160366
2022,9,UCLA,0.015717190408184156
2022,9,UConn,-0.022456187374986235
2022,9,UL Monroe,-0.0113756818244467
2022,9,UNLV,-0.016152623579471934
2022,9,USC,0.02782577850639295
2022,9,UTEP,-0.011577507238915957
2022,9,UTSA,0.0036826690552432305
2022,9,Utah,0.005703454582276879
2022,9,Utah State,-0.031001556614165475
2022,9,Vanderbilt,-0.02282721540997362
2022,9,Virginia,-0.030389180637093456
2022,9,Virginia Tech,-0.026197923592782887
2022,9,Wake Forest,0.011855045342233975
2022,9,Washington,0.029020199977182998
2022,9,Washington State,-0.0011739021857329608
2022,9,West Virginia,-0.007980864000811301
2022,9,Western Kentucky,0.005501967228785878
2022,9,Western Michigan,-0.029686295687507067
2022,9,Wisconsin,0.018711263790747973
2022,9,Wyoming,-0.00966261697305576
2023,3,Air Force,0.0077757780432704884
2023,3,Akron,-0.007082224554345522
2023,3,Alabama,0.013971139246408672
2023,3,App State,-0.023090415937106805
2023,3,Arizona,-0.003230304114594091
2023,3,Arizona State,-0.00755184471861809
2023,3,Arkansas,0.01588456900134334
2023,3,Arkansas State,-0.006579061771093894
2023,3,Army,-0.014668030212650727
2023,3,Auburn,0.004874094691225517
2023,3,BYU,0.017899910457092525
2023,3,Ball State,-0.0034984002510181546
2023,3,Baylor,-0.005147627182940095
2023,3,Boise State,-0.02152497463807057
2023,3,Boston College,-0.007872691598653317
2023,3,Bowling Green,-0.013126001592814764
2023,3,Buffalo,-0.01058121381718049
2023,3,California,0.028358392217274778
2023,3,Central Michigan,-0.016580236083083264
2023,3,Charlotte,0.00485127115630108
2023,3,Cincinnati,-0.006423287426938358
2023,3,Clemson,0.002737045133214475
2023,3,Coastal Carolina,-0.02919387464435277
2023,3,Colorado,0.03479333020007445
2023,3,Colorado State,-0.004042711186770504
2023,3,Duke,0.013228380975103472
2023,3,East Carolina,-0.027902447230017502
2023,3,Eastern Michigan,-0.005114608750113768
2023,3,Florida,0.01958417349809201
2023,3,Florida Atlantic,-0.01266717275514572
2023,3,Florida International,-0.04067852042408258
2023,3,Florida State,0.0036135730635414496
2023,3,Fresno State,-0.006813659165401364
2023,3,Georgia,0.002466708984519364
2023,3,Georgia Southern,0.010739321828354126
2023,3,Georgia State,0.0006822493999900829
2023,3,Georgia Tech,0.017515509685387547
2023,3,Hawai'i,-0.025448938496615416
2023,3,Houston,0.0036343904917098243
2023,3,Illinois,-0.009308331582914742
2023,3,Indiana,-0.009389461987928008
2023,3,Iowa,0.024722389849596897
2023,3,Iowa State,-0.008742856256727258
2023,3,Jacksonville State,-0.00023919432637383323
2023,3,James Madison,0.017334332487675574
2023,3,Kansas,0.00620228389457997
2023,3,Kansas State,0.01693811187337966
2023,3,Kent State,-0.014577059558750308
2023,3,Kentucky,-0.001185292724157382
2023,3,LSU,0.01168213703823852
2023,3,Liberty,0.0206023752720839
2023,3,Louisiana,0.016958260444367254
2023,3,Louisiana Tech,-0.016518851648154205
2023,3,Louisville,0.011085930566024088
2023,3,Marshall,0.00665322052041473
2023,3,Maryland,0.006321924645000691
2023,3,Massachusetts,-0.04011090643823662
2023,3,Memphis,0.006846713141529347
2023,3,Miami,0.012474949833023719
2023,3,Miami (OH),-0.015702903124635903
2023,3,Michigan,0.03331798221874834
2023,3,Michigan State,0.0009490656975013789
2023,3,Middle Tennessee,-0.01811083310888513
2023,3,Minnesota,-0.01144031014833483
2023,3,Mississippi State,-0.009197457103220114
2023,3,Missouri,0.03777220559365364
2023,3,NC State,0.016152015241659958
2023,3,Navy,0.021098270809765975
2023,3,Nebraska,-0.0038708276942202866
2023,3,Nevada,-0.01973142816156713
2023,3,New Mexico,-0.027847567942267677
2023,3,New Mexico State,-0.037497726164134784
2023,3,North Carolina,0.0046380454411046115
2023,3,North Texas,-0.03438147301204682
2023,3,Northern Illinois,-0.05435842845303894
2023,3,Northwestern,-0.01634316482105031
2023,3,Notre Dame,0.012101140917893704
2023,3,Ohio,0.0020221578123771947
2023,3,Ohio State,0.014423947345438556
2023,3,Oklahoma,0.020095484007636204
2023,3,Oklahoma State,0.011737824938471217
2023,3,Old Dominion,-0.0639662012592322
2023,3,Ole Miss,0.00805467519379166
2023,3,Oregon,0.017630763127602034
2023,3,Oregon State,0.0036194909795679454
2023,3,Penn State,0.01208765927869416
2023,3,Pittsburgh,-0.020935576852057547
2023,3,Purdue,0.037652476039644014
2023,3,Rice,-0.041090056068527496
2023,3,Rutgers,0.025001242636713078
2023,3,SMU,0.011711905422093088
2023,3,Sam Houston,-0.02621512237518415
2023,3,San Diego State,-0.0428470026993481
2023,3,San José State,-0.012222167632629337
2023,3,South Alabama,-0.014611896082277556
2023,3,South Carolina,-0.0018652902889891142
2023,3,South Florida,-0.04275689242297472
2023,3,Southern Miss,-0.03599443016758395
2023,3,Stanford,-0.00010187651789471386
2023,3,Syracuse,-0.011754770070482827
2023,3,TCU,-0.006964550835230906
2023,3,Temple,-0.020123562299711194
2023,3,Tennessee,0.015090423373567767
2023,3,Texas,0.017795904096432523
2023,3,Texas A&M,0.017314783569763705
2023,3,Texas State,-0.010016111015509031
2023,3,Texas Tech,-0.0029421470419088895
2023,3,Toledo,0.0025056233084553136
2023,3,Troy,-0.01354201585152274
2023,3,Tulane,0.005066831245323783
2023,3,Tulsa,-0.006135475576922019
2023,3,UAB,-0.014742863542133429
2023,3,UCF,0.026065229144871273
2023,3,UCLA,0.018327601052549842
2023,3,UConn,0.009359562383639166
2023,3,UL Monroe,-0.01177945694204386
2023,3,UNLV,-0.011885635292786268
2023,3,USC,0.006593399777710453
2023,3,UTEP,-0.01063065225310887
2023,3,UTSA,-0.02438163346498554
2023,3,Utah,-0.0007213469045310684
2023,3,Utah State,-0.036454492222416285
2023,3,Vanderbilt,0.00903542811246954
2023,3,Virginia,-0.034599151423697745
2023,3,Virginia Tech,-0.013010007436160561
2023,3,Wake Forest,0.0026540881962643847
2023,3,Washington,0.016380881409582083
2023,3,Washington State,-0.010005932058521015
2023,3,West Georgia,-0.003407807553658388
2023,3,West Virginia,-0.00021162944739516648
2023,3,Western Kentucky,-0.022600768955197432
2023,3,Western Michigan,-0.029356909272015713
2023,3,Wisconsin,0.016355593010199704
2023,3,Wyoming,0.0008690564627782608
2023,6,Air Force,0.005056230762643576
2023,6,Akron,-0.027100797968385645
2023,6,Alabama,0.03920004783146622
2023,6,App State,-0.03276065762668619
2023,6,Arizona,-0.005282285449466447
2023,6,Arizona State,-0.02464867704467007
2023,6,Arkansas,-0.01280254150022857
2023,6,Arkansas State,-0.017470912346282595
2023,6,Army,-0.024744012871880352
2023,6,Auburn,-0.004821874875006046
2023,6,BYU,0.006400225709548019
2023,6,Ball State,-0.012425024384650173
2023,6,Baylor,-0.027063734217792543
2023,6,Boise State,-0.013233021100138324
2023,6,Boston College,-0.01002643064228378
2023,6,Bowling Green,-0.02170953060946841
2023,6,Buffalo,-0.004881669729970248
2023,6,California,0.017433635551129204
2023,6,Central Michigan,-0.021256984099633388
2023,6,Charlotte,-0.005020266636093633
2023,6,Cincinnati,-0.0030880754763104434
2023,6,Clemson,-0.013053997014920922
2023,6,Coastal Carolina,-0.020141811652934126
2023,6,Colorado,0.019591804293890045
2023,6,Colorado State,-0.03288128782065009
2023,6,Duke,0.0197890622933874
2023,6,East Carolina,-0.016325455885168566
2023,6,Eastern Michigan,-0.03222972632796578
2023,6,Florida,0.03297304994883285
2023,6,Florida Atlantic,-0.010742594893786449
2023,6,Florida International,-0.041566855507061594
2023,6,Florida State,0.0076896763062595415
2023,6,Fresno State,-0.006638683770804056
2023,6,Georgia,0.045620737250018265
2023,6,Georgia Southern,0.011023824956664537
2023,6,Georgia State,0.0029572978455629294
2023,6,Georgia Tech,-0.0024870758443109138
2023,6,Hawai'i,-0.023979280962398347
2023,6,Houston,0.010663701065615995
2023,6,Illinois,-0.021735419110791642
2023,6,Indiana,-0.006136368464686184
2023,6,Iowa,0.00887820532791224
2023,6,Iowa State,0.0087800538555056
2023,6,Jacksonville State,0.004668272211240321
2023,6,James Madison,0.024966775901618516
2023,6,Kansas,0.023989978797545525
2023,6,Kansas State,0.017375678525124703
2023,6,Kent State,-0.044902679681587204
2023,6,Kentucky,-0.009548405160273457
2023,6,LSU,0.026911785743880347
2023,6,Liberty,0.021609463569531053
2023,6,Louisiana,-0.01046560901604896
2023,6,Louisiana Tech,-0.032204341180035984
2023,6,Louisville,0.017943827463886633
2023,6,Marshall,-0.00042565894405487733
2023,6,Maryland,-0.0026647239402946485
2023,6,Massachusetts,-0.029793889973474014
2023,6,Memphis,-0.004371804675614276
2023,6,Miami,0.03290261202149984
2023,6,Miami (OH),0.0012524080136155473
2023,6,Michigan,0.056494871447032885
2023,6,Michigan State,-0.01233088444234341
2023,6,Middle Tennessee,-0.03415820761620804
2023,6,Minnesota,-0.013572229144952814
2023,6,Mississippi State,-0.015980662609094032
2023,6,Missouri,0.04651152015939306
2023,6,NC State,0.003604426769652925
2023,6,Navy,0.014299353523979421
2023,6,Nebraska,0.0037203218485734146
2023,6,Nevada,-0.032101370082774555
2023,6,New Mexico,-0.03513185551607865
2023,6,New Mexico State,-0.016391654954286308
2023,6,North Carolina,0.019417536943171273
2023,6,North Texas,-0.04463174566643106
2023,6,Northern Illinois,-0.037329179735184355
2023,6,Northwestern,-0.016809166970985123
2023,6,Notre Dame,0.022829550273970687
2023,6,Ohio,0.005224724700795236
2023,6,Ohio State,0.022521021802005804
2023,6,Oklahoma,0.021761518785770147
2023,6,Oklahoma State,0.007525101310509643
2023,6,Old Dominion,-0.0389905084238139
2023,6,Ole Miss,0.017448129618690657
2023,6,Oregon,0.020552297747574767
2023,6,Oregon State,0.016352315721278453
2023,6,Penn State,0.017572633346581344
2023,6,Pittsburgh,-0.024206251589748946
2023,6,Purdue,0.011479828520400928
2023,6,Rice,-0.03193391650192376
2023,6,Rutgers,0.011364945238237301
2023,6,SMU,0.0031929631613710784
2023,6,Sam Houston,-0.047805256386444145
2023,6,San Diego State,-0.04157149754881074
2023,6,San José State,-0.027379397695299016
2023,6,South Alabama,0.00775485924165643
2023,6,South Carolina,0.0018396381814077697
2023,6,South Florida,-0.048656536778412
2023,6,Southern Miss,-0.026076287991023846
2023,6,Stanford,-0.015866676911677674
2023,6,Syracuse,-0.026764803310911717
2023,6,TCU,-0.004408913403605796
2023,6,Temple,-0.06126023440241324
2023,6,Tennessee,0.027404399664690753
2023,6,Texas,0.03528287344722511
2023,6,Texas A&M,0.01861141922885588
2023,6,Texas State,0.0029972209869075857
2023,6,Texas Tech,0.007544869679377022
2023,6,Toledo,0.008020444731090533
2023,6,Troy,-0.011005313892304998
2023,6,Tulane,0.00770979801251028
2023,6,Tulsa,-0.01764463405160535
2023,6,UAB,-0.004810073210406272
2023,6,UCF,0.005411236985529092
2023,6,UCLA,0.015033242751684193
2023,6,UConn,0.020912833262296024
2023,6,UL Monroe,-0.015164740468938202
2023,6,UNLV,-0.01689313472742744
2023,6,USC,0.001741785599219778
2023,6,UTEP,-0.012071108827540486
2023,6,UTSA,-0.02155282873729066
2023,6,Utah,-0.0025177934682243277
2023,6,Utah State,-0.03966714737418735
2023,6,Vanderbilt,-0.012514077332804307
2023,6,Virginia,-0.023273557499983978
2023,6,Virginia Tech,-0.01297249531825743
2023,6,Wake Forest,-0.013878456362747323
2023,6,Washington,0.024852193015725742
2023,6,Washington State,-0.003205081181849552
2023,6,West Georgia,-0.005932532573998716
2023,6,West Virginia,0.004317574176214718
2023,6,Western Kentucky,-0.022508692621461126
2023,6,Western Michigan,-0.051947987556185994
2023,6,Wisconsin,0.015005683418052097
2023,6,Wyoming,0.025496778035723786
2023,9,Air Force,0.011536728515926534
2023,9,Akron,-0.041448541445611546
2023,9,Alabama,0.031231947854650048
2023,9,App State,-0.03291933277124231
2023,9,Arizona,0.0015615964690404822
2023,9,Arizona State,-0.010425556211032964
2023,9,Arkansas,-0.013684249897594045
2023,9,Arkansas State,-0.016684971298224854
2023,9,Army,-0.03512088829157967
2023,9,Auburn,-0.01026586510892349
2023,9,BYU,-0.008051683188887588
2023,9,Ball State,-0.015436595728642631
2023,9,Baylor,-0.024597404887122715
2023,9,Boise State,-0.008442208126475118
2023,9,Boston College,-0.005713461648392784
2023,9,Bowling Green,-0.020134482614634238
2023,9,Buffalo,-0.006164176730395607
2023,9,California,0.0063728728055913
2023,9,Central Michigan,-0.012637546164232788
2023,9,Charlotte,-0.013544804676125633
2023,9,Cincinnati,-0.020683246718631434
2023,9,Clemson,-0.012599219086924286
2023,9,Coastal Carolina,-0.004431485801643542
2023,9,Colorado,0.0114279429112529
2023,9,Colorado State,-0.02837949069627443
2023,9,Duke,0.0011622961580519846
2023,9,East Carolina,-0.025038062168243592
2023,9,Eastern Michigan,-0.03461568494327893
2023,9,Florida,0.026127599979664736
2023,9,Florida Atlantic,-0.010375873230287139
2023,9,Florida International,-0.053953576436924826
2023,9,Florida State,0.019712174530273914
2023,9,Fresno State,-0.0017274385007354865
2023,9,Georgia,0.02533559478816734
2023,9,Georgia Southern,0.008362156227354619
2023,9,Georgia State,0.0011446281940590557
2023,9,Georgia Tech,-0.005454509115399932
2023,9,Hawai'i,-0.019356143843287998
2023,9,Houston,0.005497296757940575
2023,9,Illinois,-0.012118968630529496
2023,9,Indiana,-0.012131817061623676
2023,9,Iowa,-0.005561939086939197
2023,9,Iowa State,-0.003947248459544305
2023,9,Jacksonville State,0.0026125523039872735
2023,9,James Madison,0.028680563424989595
2023,9,Kansas,0.0059758838355278045
2023,9,Kansas State,0.026325554758031236
2023,9,Kent State,-0.0446734654433551
2023,9,Kentucky,-0.006845856696365829
2023,9,LSU,0.029615186497874188
2023,9,Liberty,0.02835089366517107
2023,9,Louisiana,-0.004015270180565922
2023,9,Louisiana Tech,-0.025266099894814847
2023,9,Louisville,0.006230408296776503
2023,9,Marshall,-0.004582110440124001
2023,9,Maryland,-0.002784011405663785
2023,9,Massachusetts,-0.03410391685422152
2023,9,Memphis,-0.00021790898733707777
2023,9,Miami,0.028888680162498577
2023,9,Miami (OH),0.006012362519171525
2023,9,Michigan,0.040938234355252914
2023,9,Michigan State,-0.01987552155185713
2023,9,Middle Tennessee,-0.030397940334089213
2023,9,Minnesota,-0.008774360985988697
2023,9,Mississippi State,-0.012193480606590814
2023,9,Missouri,0.027143783025934825
2023,9,NC State,0.0016648600496927744
2023,9,Navy,0.00804148653769197
2023,9,Nebraska,-0.0006794920108107741
2023,9,Nevada,-0.038157266473591696
2023,9,New Mexico,-0.038985742176508735
2023,9,New Mexico State,-0.006966836527738492
2023,9,North Carolina,0.007261210020245467
2023,9,North Texas,-0.03699114856081218
2023,9,Northern Illinois,-0.02477589332831233
2023,9,Northwestern,-0.022037194525990924
2023,9,Notre Dame,0.024955998040802434
2023,9,Ohio,-0.007596944913361712
2023,9,Ohio State,0.016319763102673135
2023,9,Oklahoma,0.011417886355510658
2023,9,Oklahoma State,0.00943285235424593
2023,9,Old Dominion,-0.025544953281645244
2023,9,Ole Miss,0.017595872377142902
2023,9,Oregon,0.027285242228686453
2023,9,Oregon State,0.008348948474199966
2023,9,Penn State,0.023313536181554673
2023,9,Pittsburgh,-0.03383292294385531
2023,9,Purdue,-0.000624842052385068
2023,9,Rice,-0.0158865731264961
2023,9,Rutgers,0.004660524930692453
2023,9,SMU,0.02095309360212527
2023,9,Sam Houston,-0.04233227831165443
2023,9,San Diego State,-0.03935103296157752
2023,9,San José State,-0.015056527244729025
2023,9,South Alabama,0.013676259761325147
2023,9,South Carolina,-0.008896861411743371
2023,9,South Florida,-0.03644192880007433
2023,9,Southern Miss,-0.019723006402178285
2023,9,Stanford,-0.023062239045704282
2023,9,Syracuse,-0.04154405417672743
2023,9,TCU,-0.006147541321579884
2023,9,Temple,-0.0507863215593143
2023,9,Tennessee,0.00936574948525823
2023,9,Texas,0.024617834148697913
2023,9,Texas A&M,0.010583675005619447
2023,9,Texas State,0.00921097996616593
2023,9,Texas Tech,-0.008064020010134667
2023,9,Toledo,0.005204284325704441
2023,9,Troy,-0.006581326049160387
2023,9,Tulane,0.007336195727547097
2023,9,Tulsa,-0.028532299347870018
2023,9,UAB,-0.013585143610501995
2023,9,UCF,0.004416574991974182
2023,9,UCLA,0.0014832292866305222
2023,9,UConn,0.007602363729782062
2023,9,UL Monroe,-0.01759424573020163
2023,9,UNLV,-0.014127533415201222
2023,9,USC,-0.004174845165691662
2023,9,UTEP,-0.012355118743290299
2023,9,UTSA,-0.02093301515140828
2023,9,Utah,-0.010503043454334261
2023,9,Utah State,-0.029912373726638002
2023,9,Vanderbilt,-0.017520767591724957
2023,9,Virginia,-0.019658323492473928
2023,9,Virginia Tech,-0.009020748622883858
2023,9,Wake Forest,-0.021726755593920066
2023,9,Washington,0.02117970447767261
2023,9,Washington State,-0.02530782014847196
2023,9,West Georgia,-0.007681011693570533
2023,9,West Virginia,0.007380907113561084
2023,9,Western Kentucky,-0.028587868849634386
2023,9,Western Michigan,-0.03371814958110469
2023,9,Wisconsin,-0.001036822036191715
2023,9,Wyoming,0.009728968062222352
2024,3,Air Force,-0.01262300616120566
2024,3,Akron,-0.02622673070058456
2024,3,Alabama,0.006070401038483492
2024,3,App State,0.003197440660734861
2024,3,Arizona,0.016049028533952143
2024,3,Arizona State,0.006150225891044731
2024,3,Arkansas,0.032726465138878384
2024,3,Arkansas State,-0.030440947997830498
2024,3,Army,0.014761658919737868
2024,3,Auburn,0.013911088502115934
2024,3,BYU,0.0070695704307681285
2024,3,Ball State,0.0026956321963657747
2024,3,Baylor,0.01742118683316401
2024,3,Boise State,-0.013374240768546562
2024,3,Boston College,0.005172216960430711
2024,3,Bowling Green,0.010005242284459167
2024,3,Buffalo,0.0005684537570555475
2024,3,California,0.025039998213034525
2024,3,Central Michigan,-0.02539390746343833
2024,3,Charlotte,-0.02593055863525077
2024,3,Cincinnati,0.005448590154156245
2024,3,Clemson,0.0006202996803103551
2024,3,Coastal Carolina,0.00448641549429434
2024,3,Colorado,0.004345868423027196
2024,3,Colorado State,-0.01922453602732631
2024,3,Duke,0.040264520360928535
2024,3,East Carolina,-0.011941913296917872
2024,3,Eastern Michigan,-0.01797387957462548
2024,3,Florida,0.015258704448603555
2024,3,Florida Atlantic,-0.024892527560560044
2024,3,Florida International,-0.006400687191216347
2024,3,Florida State,0.005757636409018752
2024,3,Fresno State,-0.012926539444705495
2024,3,Georgia,0.006497805305764198
2024,3,Georgia Southern,-0.03098080695155257
2024,3,Georgia State,0.001931798261887656
2024,3,Georgia Tech,0.013919426242298163
2024,3,Hawai'i,-0.02649036480060311
2024,3,Houston,0.0009771316954175705
2024,3,Illinois,0.006773982275254483
2024,3,Indiana,-0.008815376870395318
2024,3,Iowa,0.029468876210445114
2024,3,Iowa State,0.005875725465857747
2024,3,Jacksonville State,-0.056409992830654815
2024,3,James Madison,-0.002082907250433902
2024,3,Kansas,0.004976092582174178
2024,3,Kansas State,0.007774493346013951
2024,3,Kennesaw State,-0.04219100004891716
2024,3,Kent State,-0.0037340955329755844
2024,3,Kentucky,-0.016460306331162265
2024,3,LSU,0.010116348768877974
2024,3,Liberty,-0.0009527387783657622
2024,3,Louisiana,0.006318332078319827
2024,3,Louisiana Tech,-0.007354301523983522
2024,3,Louisville,0.01318331458015344
2024,3,Marshall,-0.009714383386161877
2024,3,Maryland,0.03229015786588625
2024,3,Massachusetts,-0.014578193627078904
2024,3,Memphis,0.009471864622438257
2024,3,Miami,0.02044083190014081
2024,3,Miami (OH),-0.010825265722744453
2024,3,Michigan,0.011156248900439899
2024,3,Michigan State,-0.001460558808298686
2024,3,Middle Tennessee,-0.03679842894180842
2024,3,Minnesota,0.003343020932947396
2024,3,Mississippi State,-0.008331375153660451
2024,3,Missouri,0.036214292425173815
2024,3,NC State,-0.003153899001633679
2024,3,Navy,0.010985882060865839
2024,3,Nebraska,0.033137420094655014
2024,3,Nevada,-0.004938357415027711
2024,3,New Mexico,-0.007931067394131491
2024,3,New Mexico State,-0.045926428456660034
2024,3,North Carolina,0.0232043234306038
2024,3,North Texas,-0.0027585138875919515
2024,3,Northern Illinois,0.0037160695593047677
2024,3,Northwestern,0.012119363233008752
2024,3,Notre Dame,-0.005745157793400328
2024,3,Ohio,-0.0029083182020169965
2024,3,Ohio State,0.012161426207014327
2024,3,Oklahoma,0.013780616972354456
2024,3,Oklahoma State,0.02628992439509762
2024,3,Old Dominion,-0.04453787355163391
2024,3,Ole Miss,0.03642927797286305
2024,3,Oregon,0.012967247234390957
2024,3,Oregon State,-0.002937854576500496
2024,3,Penn State,-0.003906690394849914
2024,3,Pittsburgh,-0.028216769723093105
2024,3,Purdue,-0.005333509397627894
2024,3,Rice,-0.004301956509536629
2024,3,Rutgers,0.018471179211794028
2024,3,SMU,0.0019401233326298366
2024,3,Sam Houston,-0.012882099396117768
2024,3,San Diego State,-0.038081902416175206
2024,3,San José State,-0.038837848440572365
2024,3,South Alabama,-0.020411320143842827
2024,3,South Carolina,-0.02564419170125707
2024,3,South Florida,-0.015177821041597862
2024,3,Southern Miss,-0.026315750214391243
2024,3,Stanford,-0.002917781906509754
2024,3,Syracuse,0.012918398237371384
2024,3,TCU,0.01999988095828091
2024,3,Temple,-0.025671314521459713
2024,3,Tennessee,0.007032987249363634
2024,3,Texas,0.01805529979733461
2024,3,Texas A&M,0.0014514325648688213
2024,3,Texas State,0.003714080861036957
2024,3,Texas Tech,0.012733237310844367
2024,3,Toledo,-7.618314556104489e-05
2024,3,Troy,-0.05337601714940209
2024,3,Tulane,-0.024101297423251497
2024,3,Tulsa,-0.019816298922036617
2024,3,UAB,-0.02009386047918988
2024,3,UCF,0.019868487160803784
2024,3,UCLA,-0.006389300100723001
2024,3,UConn,-0.0142631683621866
2024,3,UL Monroe,0.009530664767735113
2024,3,UNLV,-0.008313400217095064
2024,3,USC,0.00630419840473074
2024,3,UTEP,-0.04285175835348426
2024,3,UTSA,-0.029627167810838982
2024,3,Utah,0.0016042255808080945
2024,3,Utah State,-0.028397842110057362
2024,3,Vanderbilt,0.00252342984352955
2024,3,Virginia,0.009467798647942683
2024,3,Virginia Tech,0.014245674644810141
2024,3,Wake Forest,0.015443312815899403
2024,3,Washington,0.01987480548262243
2024,3,Washington State,0.008942575601639257
2024,3,West Virginia,0.008898519909768112
2024,3,Western Kentucky,0.006372190619785337
2024,3,Western Michigan,-0.013620757039805352
2024,3,Wisconsin,-0.01130271889766668
2024,3,Wyoming,-0.031062505363616235
2024,6,Air Force,-0.03701890299674681
2024,6,Akron,-0.04703116424180351
2024,6,Alabama,0.014899156184267359
2024,6,App State,-0.022530814454391496
2024,6,Arizona,0.016028379496601325
2024,6,Arizona State,0.011629157015135366
2024,6,Arkansas,0.0008260050785262477
2024,6,Arkansas State,-0.023645126994092686
2024,6,Army,0.03096679313684446
2024,6,Auburn,0.022669137149143558
2024,6,BYU,0.020328723505362505
2024,6,Ball State,-0.016881210376195003
2024,6,Baylor,0.009752020953322314
2024,6,Boise State,-0.003439217291748894
2024,6,Boston College,0.01900197645318508
2024,6,Bowling Green,0.011645015910442664
2024,6,Buffalo,-0.02049367451817254
2024,6,California,-0.005211665635614336
2024,6,Central Michigan,-0.031259431574507675
2024,6,Charlotte,-0.018779506123167894
2024,6,Cincinnati,0.00733734160796997
2024,6,Clemson,0.006741231091580314
2024,6,Coastal Carolina,-0.0020305991078097357
2024,6,Colorado,0.009469870550890862
2024,6,Colorado State,-0.016262266085234425
2024,6,Duke,0.01841707747984953
2024,6,East Carolina,-0.027576904677514915
2024,6,Eastern Michigan,-0.008462487691461542
2024,6,Florida,0.016224768711121593
2024,6,Florida Atlantic,-0.00976762227457658
2024,6,Florida International,0.015819220333983787
2024,6,Florida State,-0.010254401569854861
2024,6,Fresno State,-0.01720597434685107
2024,6,Georgia,0.004305705593631631
2024,6,Georgia Southern,-0.017506707798026214
2024,6,Georgia State,-0.011074384445501746
2024,6,Georgia Tech,0.011622001364009534
2024,6,Hawai'i,-0.020793210567627646
2024,6,Houston,-0.00262701482239944
2024,6,Illinois,0.003179461369728007
2024,6,Indiana,0.013520114400660978
2024,6,Iowa,0.027273468484654482
2024,6,Iowa State,0.00339843775601525
2024,6,Jacksonville State,-0.027519152045229492
2024,6,James Madison,-8.309785079963048e-05
2024,6,Kansas,0.008029146973820407
2024,6,Kansas State,0.01523995913047765
2024,6,Kennesaw State,-0.06464010787491768
2024,6,Kent State,-0.027940452036952865
2024,6,Kentucky,-0.002785824234009527
2024,6,LSU,0.030220035830246485
2024,6,Liberty,-0.006340854556940884
2024,6,Louisiana,-0.00048251348568763936
2024,6,Louisiana Tech,-0.018213783031399547
2024,6,Louisville,0.0454284024819906
2024,6,Marshall,-0.014046672430668624
2024,6,Maryland,0.017811806978337626
2024,6,Massachusetts,-0.012773695836698658
2024,6,Memphis,0.014709984257408552
2024,6,Miami,0.021729665281693334
2024,6,Miami (OH),-0.03557898451573304
2024,6,Michigan,0.023976994929417565
2024,6,Michigan State,-0.012042995023829016
2024,6,Middle Tennessee,-0.040953069450219426
2024,6,Minnesota,-0.006545163563082323
2024,6,Mississippi State,-0.01861907259419767
2024,6,Missouri,0.018862393818131207
2024,6,NC State,-0.0103989866877117
2024,6,Navy,0.013074288870897871
2024,6,Nebraska,0.022661665204238932
2024,6,Nevada,-0.0011991134545103316
2024,6,New Mexico,-0.0079694173840694
2024,6,New Mexico State,-0.043497396058389086
2024,6,North Carolina,0.016555596685356205
2024,6,North Texas,-0.0027449185316155518
2024,6,Northern Illinois,0.00409291642359912
2024,6,Northwestern,0.003330503620017535
2024,6,Notre Dame,0.009745300689210088
2024,6,Ohio,-0.00627734721003109
2024,6,Ohio State,0.034893334471992124
2024,6,Oklahoma,0.007216557077264533
2024,6,Oklahoma State,-0.007728154653867409
2024,6,Old Dominion,-0.03763859843567682
2024,6,Ole Miss,0.05133975622812506
2024,6,Oregon,0.02406060760009593
2024,6,Oregon State,-0.023471652042157155
2024,6,Penn State,0.009716328418321188
2024,6,Pittsburgh,-0.002018696627148598
2024,6,Purdue,-0.008724979382172128
2024,6,Rice,-0.0007257822827697244
2024,6,Rutgers,0.017940353563002356
2024,6,SMU,0.02043419505148086
2024,6,Sam Houston,-0.03557480988461448
2024,6,San Diego State,-0.0171745157476012
2024,6,San José State,-0.043300015575592064
2024,6,South Alabama,-0.028675869064736518
2024,6,South Carolina,-0.020325912070828733
2024,6,South Florida,-0.0179248170926577
2024,6,Southern Miss,-0.027864297256951855
2024,6,Stanford,-0.0073523901685982745
2024,6,Syracuse,0.01398700201969454
2024,6,TCU,-0.00896823503967071
2024,6,Temple,-0.019638997481941787
2024,6,Tennessee,0.006288291356972305
2024,6,Texas,0.024469174710907694
2024,6,Texas A&M,0.023143765292754814
2024,6,Texas State,0.016290790117042854
2024,6,Texas Tech,0.013601531102116043
2024,6,Toledo,-0.014132353664093893
2024,6,Troy,-0.05000599207757954
2024,6,Tulane,0.013675351953897406
2024,6,Tulsa,-0.03874007592035739
2024,6,UAB,-0.0313879566234371
2024,6,UCF,-0.005274686583611936
2024,6,UCLA,-0.02446001449641749
2024,6,UConn,0.019341396032932383
2024,6,UL Monroe,-0.02529915979116249
2024,6,UNLV,-0.0057965317191795256
2024,6,USC,-0.016031853568707746
2024,6,UTEP,-0.03648664698100807
2024,6,UTSA,-0.01796660353739752
2024,6,Utah,-0.015713993083434703
2024,6,Utah State,-0.026312059447615367
2024,6,Vanderbilt,0.009186664961952239
2024,6,Virginia,0.019674227069274818
2024,6,Virginia Tech,0.013688590759968547
2024,6,Wake Forest,0.011773045046580367
2024,6,Washington,0.02655045724100659
2024,6,Washington State,0.011294442535083195
2024,6,West Virginia,0.016111808376017868
2024,6,Western Kentucky,0.0025618814812928175
2024,6,Western Michigan,-0.007757356254310877
2024,6,Wisconsin,-0.001982060474737403
2024,6,Wyoming,-0.0263343695676505
2024,9,Air Force,-0.036473225940789236
2024,9,Akron,-0.03532565397378254
2024,9,Alabama,0.014689490657861666
2024,9,App State,-0.02251497754167441
2024,9,Arizona,-0.00770603420203481
2024,9,Arizona State,0.0004211473391008507
2024,9,Arkansas,-0.0017880698601626937
2024,9,Arkansas State,-0.025795367791561732
2024,9,Army,0.028802824383881105
2024,9,Auburn,0.019514834684652812
2024,9,BYU,0.01692836197052192
2024,9,Ball State,-0.011089559467771447
2024,9,Baylor,0.01094146889324441
2024,9,Boise State,0.008282895568095073
2024,9,Boston College,-0.001225397318502916
2024,9,Bowling Green,0.007603587769221168
2024,9,Buffalo,-0.0258696017833842
2024,9,California,-0.010185744346991306
2024,9,Central Michigan,-0.0253927273060988
2024,9,Charlotte,-0.02279639199177315
2024,9,Cincinnati,0.003309865776838095
2024,9,Clemson,0.00546657012156935
2024,9,Coastal Carolina,-0.007793447712943869
2024,9,Colorado,0.009065977217073801
2024,9,Colorado State,-0.005152714331537447
2024,9,Duke,0.012911297130508951
2024,9,East Carolina,-0.016339379012407375
2024,9,Eastern Michigan,-0.01784072997073462
2024,9,Florida,0.014826277983397569
2024,9,Florida Atlantic,-0.010809744562178088
2024,9,Florida International,-0.005153387800262659
2024,9,Florida State,-0.010972480450437591
2024,9,Fresno State,-0.028340720515850164
2024,9,Georgia,0.0035410170314917615
2024,9,Georgia Southern,-0.01623156498272511
2024,9,Georgia State,-0.029996245027215172
2024,9,Georgia Tech,0.007673799776401919
2024,9,Hawai'i,-0.028526802738857368
2024,9,Houston,-0.011078998829397608
2024,9,Illinois,-0.016062170004057796
2024,9,Indiana,0.018092404583400692
2024,9,Iowa,0.026816492126761474
2024,9,Iowa State,-0.004831815715045793
2024,9,Jacksonville State,-0.020009854610513376
2024,9,James Madison,-0.006912849264946864
2024,9,Kansas,0.007121747282202007
2024,9,Kansas State,0.024455012499008368
2024,9,Kennesaw State,-0.04822970534925094
2024,9,Kent State,-0.04462080520665227
2024,9,Kentucky,-0.015074962157445637
2024,9,LSU,0.03310461004465469
2024,9,Liberty,-0.005846272474936238
2024,9,Louisiana,-0.006260120858318812
2024,9,Louisiana Tech,-0.03331609251148399
2024,9,Louisville,0.036680015590405735
2024,9,Marshall,-0.01038957999408989
2024,9,Maryland,0.01794861806651513
2024,9,Massachusetts,-0.02161140771850437
2024,9,Memphis,0.01720332393729155
2024,9,Miami,0.03288852264122554
2024,9,Miami (OH),-0.013382877917306524
2024,9,Michigan,0.01193971448579973
2024,9,Michigan State,-0.018452225248984353
2024,9,Middle Tennessee,-0.03333566134105914
2024,9,Minnesota,0.00955723381032083
2024,9,Mississippi State,-0.033290849190275945
2024,9,Missouri,0.016740081418570654
2024,9,NC State,-0.012780564335743032
2024,9,Navy,0.008224135126408422
2024,9,Nebraska,0.008267445898992684
2024,9,Nevada,-0.011932238586955496
2024,9,New Mexico,-0.005653668446045825
2024,9,New Mexico State,-0.04136890067625777
2024,9,North Carolina,0.011683249904644056
2024,9,North Texas,-0.009122081431432146
2024,9,Northern Illinois,0.003066165499886013
2024,9,Northwestern,-0.004552363093529978
2024,9,Notre Dame,0.01191708325674956
2024,9,Ohio,-0.013858239311896503
2024,9,Ohio State,0.030207556882834247
2024,9,Oklahoma,-0.008337813136143776
2024,9,Oklahoma State,-0.012732810200214169
2024,9,Old Dominion,-0.0263849974934
2024,9,Ole Miss,0.02226122698981985
2024,9,Oregon,0.0227396818365428
2024,9,Oregon State,-0.02446211049669303
2024,9,Penn State,0.010716539058157813
2024,9,Pittsburgh,-0.005911855450673316
2024,9,Purdue,-0.009034172543250733
2024,9,Rice,-0.006899780394487174
2024,9,Rutgers,-0.007400711735127705
2024,9,SMU,0.005462962193018256
2024,9,Sam Houston,-0.02841796452256426
2024,9,San Diego State,-0.021883209001298667
2024,9,San José State,-0.04243672110763988
2024,9,South Alabama,-0.0052706931872931965
2024,9,South Carolina,-0.020240806524443326
2024,9,South Florida,-0.01936226494026041
2024,9,Southern Miss,-0.03819580139047417
2024,9,Stanford,-0.025016512788809547
2024,9,Syracuse,0.006302378939336534
2024,9,TCU,-0.005653729573401298
2024,9,Temple,-0.012560824533468467
2024,9,Tennessee,-0.0007287314744432621
2024,9,Texas,0.015303299594026225
2024,9,Texas A&M,0.017651275817832816
2024,9,Texas State,0.015613489675402561
2024,9,Texas Tech,0.005353802441311362
2024,9,Toledo,-0.009597618225654815
2024,9,Troy,-0.03564226752796004
2024,9,Tulane,0.021892966999055987
2024,9,Tulsa,-0.04118193609614966
2024,9,UAB,-0.036810351072565355
2024,9,UCF,-0.001476586413778646
2024,9,UCLA,-0.019059800208467696
2024,9,UConn,0.011574100206081302
2024,9,UL Monroe,-0.03140901799329586
2024,9,UNLV,0.005632946690636536
2024,9,USC,-0.004993278162829193
2024,9,UTEP,-0.03749366970815084
2024,9,UTSA,-0.0052467798572624555
2024,9,Utah,-0.012963591857455974
2024,9,Utah State,-0.02886916776280486
2024,9,Vanderbilt,0.004148923692252926
2024,9,Virginia,-0.003947564968981514
2024,9,Virginia Tech,0.014107473770066454
2024,9,Wake Forest,-0.0020117169217403726
2024,9,Washington,-0.004169016682176388
2024,9,Washington State,-0.0006961882352102172
2024,9,West Virginia,0.011587935833477147
2024,9,Western Kentucky,0.006391014542877494
2024,9,Western Michigan,0.0023207582724935204
2024,9,Wisconsin,-0.0034743107667059457
2024,9,Wyoming,-0.03526158397859266
2025,3,Air Force,0.0059112808923103164
2025,3,Akron,-0.03390801204701836
2025,3,Alabama,0.03880036416483177
2025,3,App State,0.004348752914883132
2025,3,Arizona,0.008722153397027161
2025,3,Arizona State,0.0020900704796944203
2025,3,Arkansas,0.007706946092071276
2025,3,Arkansas State,-0.04023950443024378
2025,3,Army,0.0026943425950958404
2025,3,Auburn,0.006166185207801887
2025,3,BYU,0.003381820438378326
2025,3,Ball State,-0.023021649171640717
2025,3,Baylor,-0.005645451242932352
2025,3,Boise State,0.0007246214844776702
2025,3,Boston College,0.01445996406242385
2025,3,Bowling Green,0.013419995348980869
2025,3,Buffalo,0.0043093444436412606
2025,3,California,0.01793009518312152
2025,3,Central Michigan,-0.04570543435419693
2025,3,Charlotte,-0.04110626608462711
2025,3,Cincinnati,0.023554395976102538
2025,3,Clemson,-0.0029615994117310465
2025,3,Coastal Carolina,-0.01527216221192202
2025,3,Colorado,-0.02769993657129185
2025,3,Colorado State,0.0010718792805035167
2025,3,Delaware,-0.021824931253598155
2025,3,Duke,0.0241540422635298
2025,3,East Carolina,0.01555745047602364
2025,3,Eastern Michigan,-0.0415601037994401
2025,3,Florida,0.005865095995468385
2025,3,Florida Atlantic,-0.02191742654124336
2025,3,Florida International,-0.012536987341781184
2025,3,Florida State,-0.008595239215739656
2025,3,Fresno State,-0.015876268637307452
2025,3,Georgia,0.021726959095065335
2025,3,Georgia Southern,-0.03349197465411611
2025,3,Georgia State,-0.01955020827735708
2025,3,Georgia Tech,0.009358563055421735
2025,3,Hawai'i,-0.039837960334170225
2025,3,Houston,0.011507360902397174
2025,3,Illinois,0.02084763746872325
2025,3,Indiana,0.05176766521292685
2025,3,Iowa,0.009832313343510764
2025,3,Iowa State,0.0014474138178899372
2025,3,Jacksonville State,0.009547680455455504
2025,3,James Madison,-0.008012960146007287
2025,3,Kansas,0.0011440054016078136
2025,3,Kansas State,-0.013070186464113027
2025,3,Kennesaw State,-0.028105537871726347
2025,3,Kent State,-0.0017302982014984283
2025,3,Kentucky,0.011341829931491298
2025,3,LSU,-0.016832209502432208
2025,3,Liberty,-0.038554480487848056
2025,3,Louisiana,-0.028170603023569663
2025,3,Louisiana Tech,0.011275373190075079
2025,3,Louisville,0.007975468810905034
2025,3,Marshall,-0.03633756011601455
2025,3,Maryland,0.031744057214431215
2025,3,Massachusetts,-0.011811836438655639
2025,3,Memphis,0.039908384036049474
2025,3,Miami,0.035567642208909005
2025,3,Miami (OH),-0.014379660783071348
2025,3,Michigan,0.014802670818369732
2025,3,Michigan State,0.01872128007099101
2025,3,Middle Tennessee,-0.016994929416287195
2025,3,Minnesota,0.007911387356382539
2025,3,Mississippi State,0.001982002852280155
2025,3,Missouri,0.022626553672774895
2025,3,Missouri State,-0.06743284587202672
2025,3,NC State,0.03717856964068544
2025,3,Navy,0.015281832311264263
2025,3,Nebraska,0.012597222536182225
2025,3,Nevada,0.006594752846011202
2025,3,New Mexico,-0.0050520943095694925
2025,3,New Mexico State,-0.015348186290885659
2025,3,North Carolina,0.0068339261215914614
2025,3,North Texas,0.03996351961963731
2025,3,Northern Illinois,-0.009335519165932104
2025,3,Northwestern,-0.042540674028217415
2025,3,Notre Dame,-0.006487199566016023
2025,3,Ohio,0.008638491077588146
2025,3,Ohio State,0.03289000790130136
2025,3,Oklahoma,0.02330697970895825
2025,3,Oklahoma State,-0.01846656992222655
2025,3,Old Dominion,-0.012845271366490581
2025,3,Ole Miss,0.01215971412614652
2025,3,Oregon,0.034383265378116416
2025,3,Oregon State,0.007355781136839348
2025,3,Penn State,0.006936152265216308
2025,3,Pittsburgh,-0.011775286578591258
2025,3,Purdue,-0.012231260380477046
2025,3,Rice,-0.012667510148473613
2025,3,Rutgers,0.015695262420476298
2025,3,SMU,-0.009561355750703666
2025,3,Sam Houston,-0.019403078483039994
2025,3,San Diego State,0.006695960811758434
2025,3,San José State,-0.04078165289549608
2025,3,South Alabama,-0.06016762676493784
2025,3,South Carolina,0.0026093130044344895
2025,3,South Florida,-0.03783601762919004
2025,3,Southern Miss,0.006827750393844393
2025,3,Stanford,0.0037034084896788635
2025,3,Syracuse,-0.011720998317077541
2025,3,TCU,0.007415404237984254
2025,3,Temple,0.0148011937001961
2025,3,Tennessee,0.02621669175898681
2025,3,Texas,0.002863462312269087
2025,3,Texas A&M,0.013402973985330146
2025,3,Texas State,-7.506609359991272e-05
2025,3,Texas Tech,0.025121659155887318
2025,3,Toledo,0.0041697528561311075
2025,3,Troy,-0.02100218952843905
2025,3,Tulane,-0.025714046758167734
2025,3,Tulsa,0.019223600781126365
2025,3,UAB,-0.007830354982186318
2025,3,UCF,-0.005994732753853646
2025,3,UCLA,-0.027995096312167008
2025,3,UConn,0.032831883001696295
2025,3,UL Monroe,-0.005342531211395428
2025,3,UNLV,-0.006876355491008682
2025,3,USC,0.01587473137578163
2025,3,UTEP,-0.03250981164126343
2025,3,UTSA,-0.023650585414354885
2025,3,Utah,0.03260971449697753
2025,3,Utah State,-0.028541765291776152
2025,3,Vanderbilt,-0.017684065310101593
2025,3,Virginia,0.005290235072879591
2025,3,Virginia Tech,-0.014091456867415177
2025,3,Wake Forest,-0.0007994553329401474
2025,3,Washington,0.014418935268618078
2025,3,Washington State,0.0013312581581107897
2025,3,West Virginia,-0.0005912957602630037
2025,3,Western Kentucky,-0.0009571249872022905
2025,3,Western Michigan,-0.04208535129409064
2025,3,Wisconsin,-0.012913878119241872
2025,3,Wyoming,-0.017295961155570142
2025,6,Air Force,0.012741075363214477
2025,6,Akron,-0.021529885465841017
2025,6,Alabama,0.042040321423956334
2025,6,App State,-0.014010770807289548
2025,6,Arizona,0.007826808108516358
2025,6,Arizona State,0.0019989514109734923
2025,6,Arkansas,0.008471308813027158
2025,6,Arkansas State,-0.0570364165435496
2025,6,Army,0.012813455008830297
2025,6,Auburn,-0.00453522126303085
2025,6,BYU,0.022867036449835315
2025,6,Ball State,-0.02608032490358187
2025,6,Baylor,-0.005981836283194239
2025,6,Boise State,-0.021101065654604276
2025,6,Boston College,0.003851947029097309
2025,6,Bowling Green,-0.0114656402106804
2025,6,Buffalo,-0.006264327400762665
2025,6,California,-0.03095625987301867
2025,6,Central Michigan,-0.033369614169881455
2025,6,Charlotte,-0.04528287029008444
2025,6,Cincinnati,0.02472475863030061
2025,6,Clemson,-0.008646108704712129
2025,6,Coastal Carolina,-0.035784535473573735
2025,6,Colorado,-0.012762127746806321
2025,6,Colorado State,-0.016707247648996795
2025,6,Delaware,-0.010315633203092187
2025,6,Duke,0.03574701954639218
2025,6,East Carolina,-0.006735872033134844
2025,6,Eastern Michigan,-0.03403471251715361
2025,6,Florida,0.008636799204350478
2025,6,Florida Atlantic,-0.026907331617923403
2025,6,Florida International,-0.022429688230179576
2025,6,Florida State,0.010119171827154742
2025,6,Fresno State,-0.007023105657572781
2025,6,Georgia,0.019483807491526974
2025,6,Georgia Southern,-0.028325815307897195
2025,6,Georgia State,-0.028345966711990484
2025,6,Georgia Tech,0.008438895456772793
2025,6,Hawai'i,-0.0385213438762939
2025,6,Houston,-0.0035051048087352482
2025,6,Illinois,0.029188571581778212
2025,6,Indiana,0.055925257759099796
2025,6,Iowa,0.011100126357581104
2025,6,Iowa State,0.0039004668524056985
2025,6,Jacksonville State,-0.007300046462772421
2025,6,James Madison,0.012188033380290095
2025,6,Kansas,0.017551791048723352
2025,6,Kansas State,-0.012744556806343572
2025,6,Kennesaw State,-0.019602743265030642
2025,6,Kent State,-0.028257213948344184
2025,6,Kentucky,-0.0062259233104181595
2025,6,LSU,-0.007680997086369933
2025,6,Liberty,-0.034110585660141135
2025,6,Louisiana,-0.024452113285990066
2025,6,Louisiana Tech,-0.002003504291659974
2025,6,Louisville,0.011686010653815563
2025,6,Marshall,-0.02502179873190268
2025,6,Maryland,0.03163611875758799
2025,6,Massachusetts,-0.024861327256094468
2025,6,Memphis,0.025222721820040428
2025,6,Miami,0.05040201788325852
2025,6,Miami (OH),-0.0019524815432036815
2025,6,Michigan,0.035083486308192476
2025,6,Michigan State,0.009671654134076705
2025,6,Middle Tennessee,-0.026490282573203218
2025,6,Minnesota,0.009230936198952459
2025,6,Mississippi State,-0.006818562994208666
2025,6,Missouri,0.029019735200953824
2025,6,Missouri State,-0.04388484760969583
2025,6,NC State,0.03138655420650405
2025,6,Navy,0.0067912225529945195
2025,6,Nebraska,-0.0004924430382721902
2025,6,Nevada,0.002884625271285278
2025,6,New Mexico,0.0012670693897374001
2025,6,New Mexico State,-0.036324409851956826
2025,6,North Carolina,0.004113412228742104
2025,6,North Texas,0.036374936613062375
2025,6,Northern Illinois,-0.022941405956362012
2025,6,Northwestern,-0.027016125387499187
2025,6,Notre Dame,0.009618318171701673
2025,6,Ohio,-0.017380662486638252
2025,6,Ohio State,0.06277885885515715
2025,6,Oklahoma,0.023466811916785693
2025,6,Oklahoma State,-0.018851435483970422
2025,6,Old Dominion,0.0040276123850853385
2025,6,Ole Miss,0.018959386110429344
2025,6,Oregon,0.056512062614582886
2025,6,Oregon State,-0.023298692478105572
2025,6,Penn State,0.0029558309822370265
2025,6,Pittsburgh,-0.00501886984074185
2025,6,Purdue,-0.020756487407453058
2025,6,Rice,-0.008363321213216087
2025,6,Rutgers,0.007094739856409174
2025,6,SMU,0.018749832837575427
2025,6,Sam Houston,-0.026751804812585468
2025,6,San Diego State,0.02002534515336204
2025,6,San José State,-0.018377716354166625
2025,6,South Alabama,-0.0596178157250247
2025,6,South Carolina,-0.0008756720416640124
2025,6,South Florida,-0.013780356953630883
2025,6,Southern Miss,0.01237771818378816
2025,6,Stanford,-0.01759375579094287
2025,6,Syracuse,-0.01366645467145672
2025,6,TCU,-0.004287623116017849
2025,6,Temple,0.010424563091404366
2025,6,Tennessee,0.01206686918938504
2025,6,Texas,-0.005361053291570248
2025,6,Texas A&M,0.029548590769804994
2025,6,Texas State,0.008155178243614778
2025,6,Texas Tech,0.0386314484434292
2025,6,Toledo,0.006276828936729117
2025,6,Troy,-0.017036280494064873
2025,6,Tulane,-0.022978969845004592
2025,6,Tulsa,-0.016209605159822647
2025,6,UAB,-0.012538941242649444
2025,6,UCF,-0.016898964889805586
2025,6,UCLA,-0.007779087910250552
2025,6,UConn,0.01642166776605703
2025,6,UL Monroe,-0.00030600818823577183
2025,6,UNLV,-0.003502861103554826
2025,6,USC,0.021719404128702033
2025,6,UTEP,-0.03321598346548814
2025,6,UTSA,-0.02239519681291632
2025,6,Utah,0.022350258173644597
2025,6,Utah State,-0.0052062526863157575
2025,6,Vanderbilt,0.007636133687626945
2025,6,Virginia,0.01860216498466088
2025,6,Virginia Tech,-0.0022852587545491043
2025,6,Wake Forest,-0.00046767502861019833
2025,6,Washington,0.02993069748437172
2025,6,Washington State,-0.0006160261632540361
2025,6,West Virginia,-0.015677338490697697
2025,6,Western Kentucky,0.0030653828395324676
2025,6,Western Michigan,-0.01608296828414816
2025,6,Wisconsin,-0.018561842873802897
2025,6,Wyoming,-0.02342148379748108
2025,9,Air Force,0.01606997502223188
2025,9,Akron,-0.035806048039790234
2025,9,Alabama,0.03520557635466773
2025,9,App State,-0.018586588636630173
2025,9,Arizona,0.012588723034577263
2025,9,Arizona State,-0.007407811012453341
2025,9,Arkansas,-0.011506601845187776
2025,9,Arkansas State,-0.04093121878467301
2025,9,Army,0.0050505425010103355
2025,9,Auburn,-0.013784945355059506
2025,9,BYU,0.019191269985196466
2025,9,Ball State,-0.044606763513393356
2025,9,Baylor,-0.018999443168787832
2025,9,Boise State,-0.02100753403850251
2025,9,Boston College,-0.01775490855523583
2025,9,Bowling Green,-0.003550197334054208
2025,9,Buffalo,-0.013338606339748897
2025,9,California,-0.03529801054906159
2025,9,Central Michigan,-0.021711999919988664
2025,9,Charlotte,-0.04797621203757042
2025,9,Cincinnati,0.02590269406733565
2025,9,Clemson,-0.004897282822182387
2025,9,Coastal Carolina,-0.029858627905958293
2025,9,Colorado,-0.00703485421327288
2025,9,Colorado State,-0.03531376710307634
2025,9,Delaware,-0.008677475230166085
2025,9,Duke,0.023033800974017683
2025,9,East Carolina,-0.0058065131493961605
2025,9,Eastern Michigan,-0.03243049124572535
2025,9,Florida,-0.00041540955628547704
2025,9,Florida Atlantic,-0.02957261437373068
2025,9,Florida International,-0.025970538962171694
2025,9,Florida State,0.009231017800457935
2025,9,Fresno State,-0.011380844923487466
2025,9,Georgia,0.022287545504511237
2025,9,Georgia Southern,-0.03602915655802218
2025,9,Georgia State,-0.027775525535957444
2025,9,Georgia Tech,0.01202930524000403
2025,9,Hawai'i,-0.02493538309614782
2025,9,Houston,-0.004510752597124783
2025,9,Illinois,0.018332483759331115
2025,9,Indiana,0.06380630535930754
2025,9,Iowa,0.009922215365730604
2025,9,Iowa State,0.0003378694634519939
2025,9,Jacksonville State,-0.005981034156750484
2025,9,James Madison,0.020204510668278473
2025,9,Kansas,0.0006993592996552105
2025,9,Kansas State,0.0033619934990481008
2025,9,Kennesaw State,-0.005467615486442816
2025,9,Kent State,-0.030271957937094886
2025,9,Kentucky,-0.0029198379848039023
2025,9,LSU,-0.014533200590609831
2025,9,Liberty,-0.023989993491072503
2025,9,Louisiana,-0.035863739187232714
2025,9,Louisiana Tech,-0.006643209630970632
2025,9,Louisville,0.023700749936990614
2025,9,Marshall,-0.001417538847146859
2025,9,Maryland,0.01237440430129923
2025,9,Massachusetts,-0.048723797272642595
2025,9,Memphis,0.014443991266771924
2025,9,Miami,0.031401933341438266
2025,9,Miami (OH),-0.008808739164359607
2025,9,Michigan,0.030336996945713925
2025,9,Michigan State,-0.004453609769275118
2025,9,Middle Tennessee,-0.02189958489852686
2025,9,Minnesota,-0.006930659963216036
2025,9,Mississippi State,-0.004705012410977361
2025,9,Missouri,0.021459609542625307
2025,9,Missouri State,-0.03915349723015073
2025,9,NC State,0.012679493672751698
2025,9,Navy,0.025231572651739476
2025,9,Nebraska,-0.008232493734487211
2025,9,Nevada,-0.01104987829189295
2025,9,New Mexico,-0.010228451935383817
2025,9,New Mexico State,-0.029220959444175913
2025,9,North Carolina,-0.0001141145209045419
2025,9,North Texas,0.04291905226501662
2025,9,Northern Illinois,-0.022310882164772484
2025,9,Northwestern,-0.02410844148052138
2025,9,Notre Dame,0.020922377199697566
2025,9,Ohio,-0.012172486506762717
2025,9,Ohio State,0.05251855368450186
2025,9,Oklahoma,0.019634726569955664
2025,9,Oklahoma State,-0.021704230190339593
2025,9,Old Dominion,-0.013923766074433793
2025,9,Ole Miss,0.01858611541011419
2025,9,Oregon,0.05071373530127357
2025,9,Oregon State,-0.015115576466995491
2025,9,Penn State,-0.0025074695149345356
2025,9,Pittsburgh,-0.016154517429125034
2025,9,Purdue,-0.02401900796698106
2025,9,Rice,-0.006378581759820237
2025,9,Rutgers,-0.00033655187206329043
2025,9,SMU,0.02348501908881042
2025,9,Sam Houston,-0.02629886752997825
2025,9,San Diego State,0.016371268837670698
2025,9,San José State,-0.020611598277135667
2025,9,South Alabama,-0.045618603831431744
2025,9,South Carolina,-0.008217890712268501
2025,9,South Florida,0.01628419026729086
2025,9,Southern Miss,0.0049730672528392125
2025,9,Stanford,-0.029608183387683635
2025,9,Syracuse,-0.0205119258780835
2025,9,TCU,-0.004911069224797909
2025,9,Temple,0.014193047331823517
2025,9,Tennessee,0.006855014101009961
2025,9,Texas,0.005984158670737753
2025,9,Texas A&M,0.04107030477944126
2025,9,Texas State,0.008230690750236082
2025,9,Texas Tech,0.03704598712617953
2025,9,Toledo,0.006302633968203389
2025,9,Troy,-0.01469668719822306
2025,9,Tulane,-0.01563116720930641
2025,9,Tulsa,-0.015274753745759208
2025,9,UAB,-0.011527623967824772
2025,9,UCF,-0.012213009303845617
2025,9,UCLA,-0.011656319758726129
2025,9,UConn,0.023088659929475074
2025,9,UL Monroe,-0.017842868300331206
2025,9,UNLV,-0.001796636613503435
2025,9,USC,0.006941667660326547
2025,9,UTEP,-0.026170321806936864
2025,9,UTSA,-0.019963689197338454
2025,9,Utah,0.018781007743332804
2025,9,Utah State,-0.02127160997362634
2025,9,Vanderbilt,0.008205813947553188
2025,9,Virginia,0.0007207631707700962
2025,9,Virginia Tech,-0.010119484207217257
2025,9,Wake Forest,0.0033886885877286465
2025,9,Washington,0.01985745256945043
2025,9,Washington State,-9.380941631566197e-05
2025,9,West Virginia,-0.027405596593882926
2025,9,Western Kentucky,-0.011415612888717487
2025,9,Western Michigan,-0.004637126147051277
2025,9,Wisconsin,-0.023385549874421638
2025,9,Wyoming,-0.01386095948168683
