,mean,p05,p95,p_zero,within_team
ball_security:QB,0.0009541780775809833,0.0,0.00904259486329786,0.875,0.007204272851634001
ball_security:RB,0.01659532228061006,0.0,0.039699649342843264,0.14,0.013478326776885666
coverage:DB,0.07782057566022661,0.05249564068954848,0.1041091347363016,0.0,0.07243435943735842
coverage:LB,0.04041731874197724,0.017419322611348032,0.0657399350082857,0.0,0.04511404905984766
discipline:DB,0.012195212240301845,0.0,0.039196271628897404,0.285,0.0
discipline:DL,0.027483941500476443,0.0046439767719297365,0.054579381076823155,0.04,0.010050443601416515
discipline:OL,0.01517339868473625,0.0,0.038600429014004185,0.225,0.006039651758114574
discipline:WR,0.01988096392757127,0.0,0.042597245712128334,0.13,0.019925531895150787
hands:TE,0.000782383356105422,0.0,0.006101657945819478,0.875,0.008637437123614452
hands:WR,0.00341514755755058,0.0,0.018890282864173685,0.7,0.006000545522374427
pass_protection:OL,0.020777398180218114,0.0,0.04576843431658176,0.12,0.007501371697929797
pass_protection:TE,0.002462964923601651,0.0,0.016134523456774894,0.79,0.0003559598142907282
pass_rush:DB,0.0059996985496520135,0.0,0.02437610322447667,0.515,0.0057106135586690605
pass_rush:DL,0.05021527915056799,0.023831430803037925,0.07896336523910422,0.0,0.018622566272706278
pass_rush:LB,0.02450885492190106,0.0,0.05429859666878135,0.11,0.007315160345689782
passing,0.09505254105236621,0.06771002159369034,0.12292979098060358,0.0,0.11181910194965555
qb_pressure,0.04101055914789982,0.015421726750566463,0.07038571173373963,0.0,0.05817261059528762
qb_rushing,0.030648986581623808,0.004360116394178277,0.05513812936398999,0.03,0.0394831619269175
receiving:RB,0.013922538249825851,0.0,0.03315893281773929,0.175,0.0021086171165644475
receiving:TE,0.032779461424440784,0.010681622986001022,0.056393117520206724,0.01,0.033124731980978754
receiving:WR,0.038950382331884525,0.011871933006426172,0.0656083441307026,0.01,0.030613560345594384
run_blocking:OL,0.051878280467568066,0.028453055530240936,0.07749654351377504,0.0,0.0541781047271516
run_blocking:RB,0.02259666584376262,0.0,0.04815621712868991,0.08,0.01363105989846088
run_blocking:TE,0.030848821946751304,0.00821628106266824,0.05453293623142933,0.025,0.026450957754555398
run_defense:DB,0.02337973982832986,0.0,0.04838129448443545,0.11,0.041268351512255184
run_defense:DL,0.10874200969929423,0.07909454527659746,0.13582270175870653,0.0,0.10899258657208412
run_defense:LB,0.06225397147032461,0.036050348359315205,0.08965440654955911,0.0,0.07308063965551481
rushing,0.04556043498766735,0.02255401479447487,0.07109211723370781,0.0,0.043273275015370594
tackling:DB,0.0054011220383532,0.0,0.023326103719166595,0.59,0.0020913379333309286
tackling:DL,0.0056568824491655635,0.0,0.02098471910340422,0.5,0.004490451401852485
tackling:LB,0.0021328492496146046,0.0,0.012634703105648102,0.74,0.005557156780479124
yac:RB,0.012016347748102096,0.0,0.03398142882592936,0.255,0.010498100163371254
yac:TE,0.009050669535735517,0.0,0.03202028391880652,0.365,0.03328338136646179
yac:WR,0.04943509819421244,0.025268866558147817,0.07232209120302352,0.0,0.07949252358843138
