facet,rho,rho_raw,basis,n_pairs,validity_raw,n_moves,n_pairs_v,validity
CB-LB-S_defense_penalty,0.13395375934549844,0.13497643268689033,partial,6689,0.11905327164919303,601,6689,0.1282107310886288
CB-S_interceptions,0.17380745193794023,0.16927681337538142,partial,1234,0.10528772543218683,90,1234,0.15114781518210288
CB-S_pass_rush,0.23536928811902483,0.18835614299787592,partial,254,0.45909278340335186,15,254,0.267768916526252
CB-S_run,0.18052819738494713,0.18619690166033087,partial,3825,0.07750227328329262,355,3825,0.09809538314213856
CBS_core,0.20684778873428586,0.2126360231958901,partial,4222,0.15831351313731343,405,4222,0.16626505335275388
CB_catch_rate,0.27189165544882926,0.2499056959663122,partial,786,0.2608327598500974,48,786,0.23811342093725274
CB_core,0.15311182132088336,0.1625922299010929,partial,790,-0.0199994902005075,56,790,0.11376100852085018
CB_core2,0.18934455674331158,0.20886987194486983,partial,1619,0.100944976299527,174,1619,0.1314559951475911
CB_coverage,0.23950798478577304,0.2523039570709231,partial,1874,0.1512687453152754,202,1874,0.1669945173362758
CB_coverage_snaps_per_target,0.18506965924319044,0.1865406849240707,partial,1614,0.24080064374424007,174,1614,0.23545123504237772
CB_qb_rating_against,0.16408835968607832,0.14580849432139645,partial,786,0.06747880365697133,48,786,0.1521783292958634
CB_yards_after_catch,0.18629764248111969,0.16970002765791153,partial,786,-0.03276553105599931,48,786,0.12218774989276501
DI-ED_defense_penalty,0.2760337693651262,0.28422368698293465,partial,4694,0.372478171528233,400,4694,0.3525816208689387
DI-ED_missed_tackle_rate,0.1908836066463298,0.19053333767777064,partial,4093,0.19114894768186322,329,4093,0.19558941073458
DI-ED_tackle,0.1350959695267271,0.14086370513495158,partial,4439,0.20004700351508034,372,4439,0.2028096349445104
DI-ED_tackles_for_loss,0.26625666257400077,0.28130277797287234,partial,3545,0.04619678702149459,265,3545,0.07827207861266057
DI_batted_passes,0.30690048713833495,0.31196094735816854,partial,1777,0.09832203315456167,127,1777,0.13734318288260935
DI_pass_rush,0.49968945940145965,0.5130663700551436,partial,2024,0.31603025311126154,148,2024,0.28831131946579486
DI_pass_rush_win_rate,0.5341587352980305,0.5439499616940773,partial,1786,0.4398244625443212,131,1786,0.37075016534934396
DI_prp,0.48685828888437066,0.4943992529885569,partial,1786,0.40498824197514754,131,1786,0.3468572601422144
DI_run,0.43109506642162326,0.46559926040225125,partial,2055,0.18495592629510996,149,2055,0.19499861247076558
DI_sacks,0.21020829746519384,0.21501837129168475,partial,1777,0.11800921651538887,127,1777,0.15071362291910698
DI_stop_pct,0.35936147295743326,0.3758904000228131,partial,1794,0.15929033655538452,123,1794,0.17917479991656238
DI_stops,0.4218041522231139,0.4457322840660291,partial,1792,0.24460407241357138,120,1792,0.2363820315447066
DI_total_pressures,0.49076223541793756,0.4979566055670519,partial,1777,0.3918604978578546,127,1777,0.3366981829752201
DI_true_pass_set_pass_rush,0.425967214042441,0.4371844402628687,partial,1642,0.2871630079505513,116,1642,0.26424537449251456
DI_true_pass_set_pass_rush_win_rate,0.45192559179760416,0.4594788279785966,partial,1184,0.4595544620004828,74,1184,0.35226348639145033
ED_hurries,0.4058435987374193,0.41591021567670994,partial,1512,0.4462380736075534,141,1512,0.37868579784618733
ED_pass_rush,0.5608900148828395,0.5688905545850164,partial,1763,0.4503327481273031,178,1763,0.3922500258616747
ED_pass_rush_win_rate,0.5913378435311039,0.6016476996114017,partial,1540,0.48717681061168006,145,1540,0.4089605586688401
ED_prp,0.5318709881152527,0.5441742923703576,partial,1540,0.5159216484809038,145,1540,0.42929227325926667
ED_run,0.3562181419773795,0.3844495224412141,partial,1725,0.20804680909298162,165,1725,0.21121777995004706
ED_sacks,0.3009690503735047,0.30338517289243294,partial,1512,0.19346421157539292,141,1512,0.20136682000273148
ED_stop_pct,0.30333439068113854,0.30773256092993534,partial,1485,0.27662461727372106,134,1485,0.25909265826338784
ED_total_pressures,0.530642354390771,0.5434795930738056,partial,1512,0.5348429131025237,141,1512,0.4408414315217635
ED_true_pass_set_pass_rush,0.4958465005028109,0.4988084212910936,partial,1429,0.3477776953745516,136,1429,0.3086430793844777
ED_true_pass_set_pass_rush_win_rate,0.5500530733775743,0.5448397184620543,partial,1090,0.5537122394198374,94,1090,0.42367030840183983
IOL_core,0.35349202523545126,0.36780461058028624,partial,1749,0.2648673463675701,127,1749,0.2504514972037434
IOL_core2,0.34776176204360953,0.38051920633543856,partial,721,0.3222805659481232,112,721,0.28657965334074664
IOL_core3,0.41286907310882004,0.4900581382760552,partial,2063,0.14915281424704485,149,2063,0.16947390579535074
IOL_gap_run_block,0.3305419455844921,0.347231239178074,partial,1568,0.2803311854527788,125,1568,0.26074419010819444
IOL_neg_graded_rate,0.37726823771501306,0.4239618161346444,partial,783,0.32496933356821417,112,783,0.2883304787677826
IOL_penalties,0.26164425087576665,0.2716755849097586,partial,1902,0.25331963484899517,135,1902,0.2430483471437588
IOL_pos_graded_rate,0.3731060915042513,0.46571995915937486,partial,783,0.28921837668582784,112,783,0.2650507859141357
IOL_sacks_allowed,0.16082683043133672,0.17118608332096502,partial,1539,-0.028375644400177813,114,1539,0.07584067234723345
LB_avg_depth_of_tackle,0.2517459694472925,0.2632201879182515,partial,1621,0.28159793734423727,115,1621,0.26045737018860515
LB_core,0.34587536971849686,0.3450360669888993,partial,1053,0.39618677530472696,71,1053,0.31546212240499416
LB_coverage,0.1830138601431235,0.19074377948527763,partial,1786,0.045660290903618776,136,1786,0.09901059464954477
LB_forced_incompletion_rate,0.15537126676722365,0.14300355730810524,partial,249,0.5574691028054617,13,249,0.2800462373272551
LB_missed_tackle_rate,0.28544803376235395,0.2896263677908582,partial,1866,0.47379218117567073,139,1866,0.3972532169439038
LB_qb_rating_against,0.02,0.02,partial,249,-0.46776710889266865,13,249,0.18077091764957015
LB_run,0.3479516719753018,0.3645872377345206,partial,1893,0.3116263887193971,140,1893,0.2841198570456711
LB_stop_pct,0.3843132821050459,0.3842827902822072,partial,1625,0.30507031745915064,116,1625,0.2760479193959096
LB_stops,0.393690797729233,0.40163868700532995,partial,1617,0.38996782515632583,115,1617,0.3316718678936919
LB_tackle,0.28119645787422964,0.28628433213296595,partial,2100,0.44327386693352694,162,2100,0.3829128082506756
LB_tackles,0.3667750682415036,0.3665426935472948,partial,1871,0.1944401845272559,139,1871,0.20212795295330244
LB_tackles_for_loss,0.21280278981627476,0.2165988611146826,partial,1617,0.12877844025446553,115,1617,0.16003312924389804
LB_yards_per_coverage_snap,0.1073765817669573,0.11397852044932853,partial,1515,0.09732504094022223,107,1515,0.14137758304803832
OT_core,0.41081043353097135,0.4344520376432847,partial,1276,0.16990863803827036,90,1276,0.18992036274575302
OT_gap_run_block,0.3539345063426591,0.3638958693633106,partial,969,0.08766926914413152,69,969,0.1491895857315015
OT_neg_graded_rate,0.4401362046705141,0.44760858777883705,partial,487,0.4599479172012885,66,487,0.3456574565373307
OT_pass_block,0.5443623662708262,0.5564138090869162,partial,1077,0.44923949069276464,81,1077,0.3516643669115784
OT_pbe,0.3812535948781806,0.4045617348953385,partial,964,0.20796278090422332,74,964,0.21332479683082944
OT_pbwr,0.4851526459085993,0.5019403642361412,partial,442,0.3503806106097437,66,442,0.28826505784652146
OT_penalties,0.2618536459089114,0.2657678021963692,partial,1173,0.14354329585359255,84,1173,0.17537440166750276
OT_pos_graded_rate,0.42491960676624574,0.4243191189863826,partial,487,0.20898466775444063,66,487,0.21420051635088652
OT_pressures_allowed,0.39962740872170477,0.42620242703753625,partial,947,0.23669819901094635,74,947,0.22919360981513917
OT_sacks_allowed,0.09532343636332984,0.1033094667328141,partial,947,-0.03708213914299609,74,947,0.09847967901804941
OT_true_pass_set_pass_block,0.45280746930224475,0.46030869005370934,partial,881,0.35990474590168237,67,881,0.29377870050260896
OT_true_pass_set_pbwr,0.4856623564429294,0.49238870077009056,partial,335,0.3842268575225135,48,335,0.29295524212499324
OT_true_pass_set_pressure_rate_allowed,0.388906286500351,0.4045739801961103,partial,739,0.3155998890878779,52,739,0.26435242161596667
QB-RB-TE-WR_offense_penalty,0.1120286043328653,0.11203281111539984,partial,3149,0.0026614431348631435,373,3149,0.032769042211830426
QBWR_core,0.4020381668007555,0.4595963928377276,partial,1776,0.2104860501181346,244,1776,0.2123515566356693
QBWRcfbd_core,0.16826646714580956,0.3211116315926506,partial,4459,0.055348426538189416,719,4459,0.06802541164233224
QB_btt_rate,0.3084899852306272,0.276362648085674,partial,613,0.07818047989723025,99,613,0.1316738647688328
QB_hands_fumble,0.12667180529071168,0.1746388210609529,partial,740,-0.04553742184496205,124,740,0.07171889667618815
QB_pressure_to_sack_rate,0.42990703413948683,0.38916258410779775,partial,649,0.4214777736207076,109,649,0.34992517345015234
QB_run,0.2577952300548833,0.3595111636282308,partial,554,0.23610015207497076,80,554,0.2291734939601163
QB_sack_pct,0.49617098180068125,0.4790920146757314,partial,649,0.3904323656125379,109,649,0.32990180378807843
QB_twp_rate,0.27814204026653855,0.3556646840199222,partial,613,0.3147971420589001,99,613,0.2790012204544008
RB_avoided_tackles,0.41409350890541236,0.4191668457692111,partial,1050,0.5287702145417141,101,1050,0.4136774450753525
RB_breakaway_pct,0.29388998789694404,0.30091061770347066,partial,989,0.2766320837567191,97,989,0.2549655357504482
RB_elusive_rating,0.42793039055106047,0.44844422219811536,partial,989,0.515816542368304,97,989,0.40274192100728734
RB_explosive,0.27923101832535846,0.31593250974407755,partial,989,0.2068066098243271,97,989,0.2118249563145118
RB_first_downs,0.1810625557781677,0.23688486828646765,partial,989,0.18202319847695336,97,989,0.19651291236103885
RB_fumbles,0.10196025150759801,0.10232685659927977,partial,1050,0.21700857322788442,101,1050,0.21810026636295
RB_hands_fumble,0.12160815791473384,0.12253539696113105,partial,1384,0.20111239060567912,142,1384,0.20670414086349037
RB_pass_route,0.24689639714000405,0.25161275619489093,partial,1217,0.19469466211033165,133,1217,0.20254231631654265
RB_run,0.31741865629949034,0.3593182901663638,partial,1321,0.08137735647235259,135,1321,0.12401138519069857
RB_run_block,0.21685691422161987,0.20692196814935365,partial,820,-0.07684573168433635,53,820,0.11678121228689045
RB_yards_after_catch,0.25,0.25,raw,48,0.5784522853602272,3,48,0.23701006102379846
RB_yco_attempt,0.30948611143135824,0.33664979560658226,partial,989,0.3361046907941439,97,989,0.2917097579328063
RB_ypa,0.3245263694532461,0.3583369750824652,partial,989,0.2509556892156896,97,989,0.23910177606586314
RB_yprr,0.3032047703216298,0.298320209006425,partial,975,0.3767371789841603,109,975,0.3210688135958112
S_catch_rate,0.21316533670133944,0.13521726215097796,partial,282,0.07306838186476557,17,282,0.18751220104051475
S_core,0.1712112478704684,0.1776705909568039,partial,1391,0.0003004985500199259,112,1391,0.0769182141047724
S_coverage,0.16416059301606648,0.17414504769495825,partial,1594,0.0001063889829804761,126,1594,0.07101979570039871
S_coverage_snaps_per_target,0.29498614965012115,0.29666632447977365,partial,1381,0.18609302827264923,112,1381,0.1978993962497403
S_forced_incompletion_rate,0.11203532026045275,0.04654011742011002,partial,280,-0.09772858212633292,20,280,0.16495346235523276
S_qb_rating_against,0.06482838696779186,0.0999716437185987,partial,280,0.09413033946774084,20,280,0.18848604722216797
S_stop_pct,0.41896263682498774,0.4222023984424186,partial,1382,0.17957435885395778,102,1382,0.19452383698470563
TE_avoided_tackles,0.6103275448993147,0.6103275448993147,raw,69,0.7273598644888282,6,69,0.2660672147780544
TE_contested_catch_rate,0.02,0.02,raw,101,0.37889899233489743,14,101,0.2500116605555025
TE_core,0.44024368591776086,0.4498767376657487,partial,903,0.4692381748338134,94,903,0.37210821703114993
TE_drop_rate,0.06338714662385052,0.06338714662385052,raw,154,0.5454744355496878,14,154,0.2815259335961385
TE_first_downs,0.24772874224836708,0.24772874224836708,raw,154,0.0005844579500065718,14,154,0.17843864053673936
TE_hands_drop,0.19757669620170903,0.0891635009827791,partial,374,0.25066787173625177,45,374,0.23310791634809477
TE_pass_block,0.17268431123618147,0.16968349708365052,partial,594,-0.15385802453869143,37,594,0.1360440926641095
TE_positive_epa_pct,0.3644701170253597,0.3644701170253597,raw,154,-0.24200313124486442,14,154,0.17832806741106244
TE_run_block,0.32686999236734265,0.3408417694202903,partial,1248,0.17412849025060428,120,1248,0.1893983101027285
TE_targeted_qb_rating,0.2456584266253386,0.2456584266253386,raw,154,-0.3164772943347923,14,154,0.17832806741106244
TE_yards_after_catch,0.5012958680195654,0.5012958680195654,raw,69,0.6774399099143729,6,69,0.26152903708946756
WR_avg_depth_of_target,0.6193851714168496,0.6180502482201939,partial,1112,0.27049388789386186,113,1112,0.25296003653424864
WR_avoided_tackles,0.38669710361179743,0.3487430407239502,partial,688,0.26618952648900046,68,688,0.24450909991930198
WR_contested_catch_rate,0.02,0.02,partial,719,-0.08739015883848027,115,719,0.07540729707667783
WR_drop_rate,0.25424928523001317,0.2452742349930779,partial,1112,0.2764272786863461,113,1112,0.25683560393049554
WR_first_downs,0.2081507690025782,0.23780881671341667,partial,1112,0.10803027209325694,113,1112,0.1468421834390558
WR_hands_drop,0.21574850037929139,0.21613544465472753,partial,1708,0.13961507684064278,193,1708,0.1586639795204058
WR_offense,0.4663199017259267,0.4688230910081696,partial,2593,0.18518646625228047,327,2593,0.19057429315998536
WR_pass_route,0.4616852814127298,0.46312136341318194,partial,2593,0.16790960745122877,327,2593,0.17597601711878663
WR_touchdowns,0.18720270707984257,0.19198530515357476,partial,1112,0.07853971232102375,113,1112,0.1275795634722214
WR_yards_after_catch,0.42742401055612655,0.4217600579595189,partial,688,0.42381171675042034,68,688,0.32824588849568126
WR_yards_per_reception,0.44778908897231007,0.4291787520968216,partial,688,0.023777795441274185,68,688,0.11572786780019739
WR_yprr,0.4494162646665671,0.4542082953835331,partial,2260,0.1250706139274063,278,2260,0.14191096940898687
cfbd_core,0.23794704966724958,0.2381735601745287,partial,3627,0.07644997970407272,431,3627,0.09398415120340929
cfbd_havoc_dl,0.5119191870028136,0.5275620248616434,partial,3137,0.3671685997482658,322,3137,0.3440433667731943
cfbd_havoc_lb,0.36854298479294273,0.3910042393164235,partial,2501,0.28189302290110785,238,2501,0.26941884711034325
cfbd_recv_rb,0.2598842516142362,0.28597046492433414,partial,1707,0.2228673263860696,186,1707,0.22215284429360801
cfbd_recv_te,0.1465259010253894,0.18469880602116412,partial,926,0.22561427912559875,84,926,0.2232491419095064
cfbd_recv_wr,0.2589424732806105,0.2797184354864338,partial,2636,0.19433837013753083,311,2636,0.19847846388461107
cfbd_run_qb,0.14032479651738916,0.253295855349387,partial,807,0.05599890121424847,127,807,0.10859966546859988
cfbd_run_rb,0.23382834014780032,0.26719225424452847,partial,1617,0.16748776341587282,171,1617,0.18111118845252325
cfbd_tackle_db,0.5816232693708641,0.5837616781445698,partial,3634,0.5602703434903986,433,3634,0.5188505795532682
cfbd_tackle_lb,0.5440840546673363,0.5431741606675932,partial,2501,0.5057489173230799,238,2501,0.4482030849372874
