season,team,fbs_games,adj_wins,adj_win_pct,fbs_wins,fbs_win_pct
2014,Vanderbilt,11,2.0,0.18181818181818182,2,0.18181818181818182
2014,Temple,11,6.0,0.5454545454545454,5,0.45454545454545453
2014,UConn,11,1.5,0.13636363636363635,1,0.09090909090909091
2014,BYU,12,7.0,0.5833333333333334,7,0.5833333333333334
2014,UCF,12,7.5,0.625,8,0.6666666666666666
2014,Penn State,13,7.0,0.5384615384615384,7,0.5384615384615384
2014,Houston,12,8.0,0.6666666666666666,7,0.5833333333333334
2014,UTSA,12,4.0,0.3333333333333333,4,0.3333333333333333
2014,Tulsa,12,2.5,0.20833333333333334,2,0.16666666666666666
2014,Tulane,11,3.0,0.2727272727272727,2,0.18181818181818182
2014,Baylor,12,9.5,0.7916666666666666,10,0.8333333333333334
2014,SMU,12,1.0,0.08333333333333333,1,0.08333333333333333
2014,South Carolina,12,6.5,0.5416666666666666,6,0.5
2014,East Carolina,12,8.0,0.6666666666666666,7,0.5833333333333334
2014,UCLA,13,7.5,0.5769230769230769,10,0.7692307692307693
2014,Memphis,12,9.0,0.75,9,0.75
2014,North Texas,11,3.0,0.2727272727272727,3,0.2727272727272727
2014,South Florida,11,2.0,0.18181818181818182,3,0.2727272727272727
2014,Maryland,12,5.0,0.4166666666666667,6,0.5
2014,Navy,12,5.5,0.4583333333333333,7,0.5833333333333334
2014,Georgia Tech,13,10.0,0.7692307692307693,10,0.7692307692307693
2014,Oklahoma,13,9.0,0.6923076923076923,8,0.6153846153846154
2014,Cincinnati,13,7.0,0.5384615384615384,9,0.6923076923076923
2014,Toledo,12,7.5,0.625,8,0.6666666666666666
2014,Missouri,13,8.5,0.6538461538461539,10,0.7692307692307693
2014,Boise State,14,11.0,0.7857142857142857,12,0.8571428571428571
2014,Virginia Tech,12,7.5,0.625,6,0.5
2014,NC State,12,5.5,0.4583333333333333,7,0.5833333333333334
2014,Florida Atlantic,12,4.0,0.3333333333333333,3,0.25
2014,Miami (OH),11,3.0,0.2727272727272727,2,0.18181818181818182
2014,North Carolina,12,3.5,0.2916666666666667,5,0.4166666666666667
2014,Middle Tennessee,11,4.0,0.36363636363636365,5,0.45454545454545453
2014,Texas A&M,12,6.0,0.5,7,0.5833333333333334
2014,Duke,12,7.5,0.625,8,0.6666666666666666
2014,Ohio State,15,12.5,0.8333333333333334,14,0.9333333333333333
2014,Ole Miss,12,8.5,0.7083333333333334,8,0.6666666666666666
2014,TCU,12,10.0,0.8333333333333334,11,0.9166666666666666
2014,Wisconsin,13,10.0,0.7692307692307693,10,0.7692307692307693
2014,Rutgers,12,5.5,0.4583333333333333,7,0.5833333333333334
2014,Texas State,11,5.5,0.5,6,0.5454545454545454
2014,Colorado State,12,7.5,0.625,9,0.75
2014,Miami,12,6.0,0.5,5,0.4166666666666667
2014,Army,10,3.5,0.35,3,0.3
2014,Massachusetts,12,5.5,0.4583333333333333,3,0.25
2014,Boston College,12,6.5,0.5416666666666666,6,0.5
2014,Pittsburgh,12,7.0,0.5833333333333334,5,0.4166666666666667
2014,USC,13,8.5,0.6538461538461539,9,0.6923076923076923
2014,Clemson,12,8.5,0.7083333333333334,9,0.75
2014,Wake Forest,11,2.0,0.18181818181818182,2,0.18181818181818182
2014,Louisville,12,8.0,0.6666666666666666,8,0.6666666666666666
2014,Florida State,13,8.5,0.6538461538461539,12,0.9230769230769231
2014,Syracuse,11,2.5,0.22727272727272727,2,0.18181818181818182
2014,Georgia,12,9.5,0.7916666666666666,9,0.75
2014,Georgia State,11,1.5,0.13636363636363635,0,0.0
2014,Troy,11,3.5,0.3181818181818182,3,0.2727272727272727
2014,Kansas,11,3.0,0.2727272727272727,2,0.18181818181818182
2014,Virginia,11,5.5,0.5,4,0.36363636363636365
2014,Oklahoma State,12,5.0,0.4166666666666667,6,0.5
2014,Notre Dame,13,8.0,0.6153846153846154,8,0.6153846153846154
2014,Florida,11,6.0,0.5454545454545454,6,0.5454545454545454
2014,Georgia Southern,11,7.5,0.6818181818181818,8,0.7272727272727273
2014,Florida International,10,4.5,0.45,3,0.3
2014,Kentucky,11,4.5,0.4090909090909091,4,0.36363636363636365
2014,Arkansas State,12,6.0,0.5,6,0.5
2014,Nebraska,12,9.0,0.75,8,0.6666666666666666
2014,San Diego State,12,7.0,0.5833333333333334,6,0.5
2014,Old Dominion,11,3.5,0.3181818181818182,5,0.45454545454545453
2014,Iowa,12,7.0,0.5833333333333334,6,0.5
2014,Akron,11,5.0,0.45454545454545453,4,0.36363636363636365
2014,Central Michigan,12,6.0,0.5,6,0.5
2014,Kent State,11,3.0,0.2727272727272727,2,0.18181818181818182
2014,Western Michigan,12,7.0,0.5833333333333334,7,0.5833333333333334
2014,UL Monroe,12,5.0,0.4166666666666667,4,0.3333333333333333
2014,Utah State,13,9.5,0.7307692307692307,9,0.6923076923076923
2014,Louisiana Tech,13,9.5,0.7307692307692307,9,0.6923076923076923
2014,Alabama,13,10.5,0.8076923076923077,11,0.8461538461538461
2014,West Virginia,12,6.5,0.5416666666666666,6,0.5
2014,Texas,13,6.5,0.5,6,0.46153846153846156
2014,Iowa State,11,2.5,0.22727272727272727,2,0.18181818181818182
2014,Kansas State,12,7.5,0.625,8,0.6666666666666666
2014,UTEP,13,6.5,0.5,7,0.5384615384615384
2014,Texas Tech,11,3.0,0.2727272727272727,3,0.2727272727272727
2014,Tennessee,12,6.5,0.5416666666666666,6,0.5
2014,Arkansas,12,8.0,0.6666666666666666,6,0.5
2014,Minnesota,12,6.5,0.5416666666666666,7,0.5833333333333334
2014,Auburn,12,6.5,0.5416666666666666,7,0.5833333333333334
2014,Illinois,12,3.0,0.25,5,0.4166666666666667
2014,Western Kentucky,13,8.5,0.6538461538461539,8,0.6153846153846154
2014,Washington,13,8.0,0.6153846153846154,7,0.5384615384615384
2014,Purdue,11,3.0,0.2727272727272727,2,0.18181818181818182
2014,Northwestern,11,5.0,0.45454545454545453,4,0.36363636363636365
2014,Bowling Green,13,5.5,0.4230769230769231,7,0.5384615384615384
2014,Indiana,11,3.0,0.2727272727272727,3,0.2727272727272727
2014,Michigan State,12,9.0,0.75,10,0.8333333333333334
2014,Michigan,12,5.0,0.4166666666666667,5,0.4166666666666667
2014,Ball State,10,4.5,0.45,4,0.4
2014,App State,10,5.5,0.55,6,0.6
2014,Utah,12,6.5,0.5416666666666666,8,0.6666666666666666
2014,Oregon,14,12.0,0.8571428571428571,12,0.8571428571428571
2014,Eastern Michigan,11,1.0,0.09090909090909091,1,0.09090909090909091
2014,Wyoming,11,3.0,0.2727272727272727,3,0.2727272727272727
2014,San José State,11,2.0,0.18181818181818182,2,0.18181818181818182
2014,Fresno State,13,5.0,0.38461538461538464,5,0.38461538461538464
2014,California,11,4.5,0.4090909090909091,4,0.36363636363636365
2014,Northern Illinois,13,8.0,0.6153846153846154,10,0.7692307692307693
2014,Washington State,11,2.5,0.22727272727272727,2,0.18181818181818182
2014,LSU,12,6.5,0.5416666666666666,7,0.5833333333333334
2014,Marshall,13,11.5,0.8846153846153846,12,0.9230769230769231
2014,Rice,13,8.5,0.6538461538461539,8,0.6153846153846154
2014,Mississippi State,12,8.5,0.7083333333333334,9,0.75
2014,Southern Miss,11,2.5,0.22727272727272727,2,0.18181818181818182
2014,UAB,11,4.5,0.4090909090909091,5,0.45454545454545453
2014,New Mexico,12,4.0,0.3333333333333333,4,0.3333333333333333
2014,Louisiana,12,7.0,0.5833333333333334,8,0.6666666666666666
2014,Arizona,14,8.0,0.5714285714285714,10,0.7142857142857143
2014,Ohio,11,4.0,0.36363636363636365,5,0.45454545454545453
2014,New Mexico State,11,2.0,0.18181818181818182,1,0.09090909090909091
2014,Buffalo,9,4.0,0.4444444444444444,3,0.3333333333333333
2014,Colorado,12,3.5,0.2916666666666667,2,0.16666666666666666
2014,South Alabama,13,6.0,0.46153846153846156,6,0.46153846153846156
2014,UNLV,12,1.5,0.125,1,0.08333333333333333
2014,Idaho,11,2.0,0.18181818181818182,1,0.09090909090909091
2014,Hawai'i,12,4.5,0.375,3,0.25
2014,Air Force,12,8.0,0.6666666666666666,9,0.75
2014,Oregon State,11,3.5,0.3181818181818182,4,0.36363636363636365
2014,Nevada,12,7.0,0.5833333333333334,6,0.5
2014,Arizona State,12,8.5,0.7083333333333334,9,0.75
2014,Stanford,12,8.0,0.6666666666666666,7,0.5833333333333334
2015,Alabama,14,12.5,0.8928571428571429,13,0.9285714285714286
2015,Wisconsin,13,9.5,0.7307692307692307,10,0.7692307692307693
2015,Arkansas,12,7.0,0.5833333333333334,7,0.5833333333333334
2015,UTEP,11,3.0,0.2727272727272727,4,0.36363636363636365
2015,Auburn,12,7.0,0.5833333333333334,6,0.5
2015,Louisville,12,6.0,0.5,7,0.5833333333333334
2015,Florida,14,8.0,0.5714285714285714,10,0.7142857142857143
2015,New Mexico State,12,3.5,0.2916666666666667,3,0.25
2015,Georgia,12,7.0,0.5833333333333334,9,0.75
2015,UL Monroe,12,1.5,0.125,1,0.08333333333333333
2015,Kentucky,11,4.0,0.36363636363636365,4,0.36363636363636365
2015,Louisiana,11,3.5,0.3181818181818182,3,0.2727272727272727
2015,Southern Miss,13,8.0,0.6153846153846154,8,0.6153846153846154
2015,Mississippi State,12,7.5,0.625,8,0.6666666666666666
2015,Texas A&M,12,6.5,0.5416666666666666,7,0.5833333333333334
2015,Arizona State,12,6.5,0.5416666666666666,5,0.4166666666666667
2015,Vanderbilt,11,2.5,0.22727272727272727,3,0.2727272727272727
2015,Western Kentucky,14,11.5,0.8214285714285714,12,0.8571428571428571
2015,South Carolina,11,4.5,0.4090909090909091,3,0.2727272727272727
2015,North Carolina,12,8.5,0.7083333333333334,9,0.75
2015,Tennessee,12,9.0,0.75,8,0.6666666666666666
2015,Missouri,11,4.0,0.36363636363636365,4,0.36363636363636365
2015,Ole Miss,12,8.5,0.7083333333333334,9,0.75
2015,UCF,11,0.5,0.045454545454545456,0,0.0
2015,Syracuse,11,3.0,0.2727272727272727,3,0.2727272727272727
2015,LSU,12,8.0,0.6666666666666666,9,0.75
2015,Texas Tech,12,6.5,0.5416666666666666,6,0.5
2015,UConn,12,5.0,0.4166666666666667,5,0.4166666666666667
2015,Nevada,12,6.0,0.5,6,0.5
2015,Middle Tennessee,12,5.5,0.4583333333333333,6,0.5
2015,Toledo,12,9.5,0.7916666666666666,10,0.8333333333333334
2015,Arkansas State,12,8.5,0.7083333333333334,8,0.6666666666666666
2015,East Carolina,11,5.5,0.5,4,0.36363636363636365
2015,Fresno State,11,2.0,0.18181818181818182,2,0.18181818181818182
2015,Oklahoma,13,10.5,0.8076923076923077,11,0.8461538461538461
2015,Ball State,11,3.0,0.2727272727272727,2,0.18181818181818182
2015,Houston,13,11.0,0.8461538461538461,12,0.9230769230769231
2015,San José State,12,5.5,0.4583333333333333,5,0.4166666666666667
2015,Eastern Michigan,12,2.0,0.16666666666666666,1,0.08333333333333333
2015,Memphis,12,7.0,0.5833333333333334,8,0.6666666666666666
2015,Louisiana Tech,12,8.0,0.6666666666666666,8,0.6666666666666666
2015,Troy,11,4.5,0.4090909090909091,3,0.2727272727272727
2015,Florida State,12,8.5,0.7083333333333334,9,0.75
2015,Georgia Tech,11,4.5,0.4090909090909091,2,0.18181818181818182
2015,Clemson,14,11.5,0.8214285714285714,13,0.9285714285714286
2015,Idaho,11,3.0,0.2727272727272727,3,0.2727272727272727
2015,Florida Atlantic,12,4.5,0.375,3,0.25
2015,Georgia Southern,12,8.5,0.7083333333333334,8,0.6666666666666666
2015,Charlotte,11,1.5,0.13636363636363635,1,0.09090909090909091
2015,North Texas,11,1.0,0.09090909090909091,1,0.09090909090909091
2015,Arizona,12,5.5,0.4583333333333333,6,0.5
2015,UTSA,12,4.5,0.375,3,0.25
2015,Utah,13,9.0,0.6923076923076923,10,0.7692307692307693
2015,Michigan,13,10.0,0.7692307692307693,10,0.7692307692307693
2015,USC,14,7.5,0.5357142857142857,8,0.5714285714285714
2015,Boise State,12,8.5,0.7083333333333334,8,0.6666666666666666
2015,Washington,12,7.0,0.5833333333333334,6,0.5
2015,Northwestern,12,6.5,0.5416666666666666,9,0.75
2015,Stanford,14,11.5,0.8214285714285714,12,0.8571428571428571
2015,Tulane,11,2.0,0.18181818181818182,2,0.18181818181818182
2015,Duke,12,6.0,0.5,7,0.5833333333333334
2015,Texas State,11,3.0,0.2727272727272727,2,0.18181818181818182
2015,NC State,12,6.5,0.5416666666666666,6,0.5
2015,UCLA,13,7.5,0.5769230769230769,8,0.6153846153846154
2015,Virginia,11,4.0,0.36363636363636365,3,0.2727272727272727
2015,Virginia Tech,12,6.5,0.5416666666666666,6,0.5
2015,Ohio State,13,11.5,0.8846153846153846,12,0.9230769230769231
2015,App State,12,8.5,0.7083333333333334,10,0.8333333333333334
2015,Miami,12,6.0,0.5,7,0.5833333333333334
2015,Akron,12,7.0,0.5833333333333334,7,0.5833333333333334
2015,Pittsburgh,12,6.5,0.5416666666666666,7,0.5833333333333334
2015,Wake Forest,11,3.0,0.2727272727272727,2,0.18181818181818182
2015,Notre Dame,13,9.0,0.6923076923076923,10,0.7692307692307693
2015,Boston College,10,3.0,0.3,1,0.1
2015,Nebraska,13,7.5,0.5769230769230769,6,0.46153846153846156
2015,Illinois,11,3.0,0.2727272727272727,4,0.36363636363636365
2015,Old Dominion,11,3.0,0.2727272727272727,4,0.36363636363636365
2015,Iowa,13,9.0,0.6923076923076923,11,0.8461538461538461
2015,Central Michigan,12,6.5,0.5416666666666666,6,0.5
2015,Purdue,11,2.5,0.22727272727272727,1,0.09090909090909091
2015,Army,10,4.0,0.4,1,0.1
2015,Northern Illinois,13,7.0,0.5384615384615384,7,0.5384615384615384
2015,South Alabama,11,2.5,0.22727272727272727,4,0.36363636363636365
2015,Indiana,12,6.5,0.5416666666666666,5,0.4166666666666667
2015,South Florida,12,6.5,0.5416666666666666,7,0.5833333333333334
2015,UNLV,11,3.5,0.3181818181818182,2,0.18181818181818182
2015,Colorado,12,4.5,0.375,3,0.25
2015,Massachusetts,12,4.5,0.375,3,0.25
2015,Michigan State,14,9.5,0.6785714285714286,12,0.8571428571428571
2015,Oregon,12,8.0,0.6666666666666666,8,0.6666666666666666
2015,Oregon State,11,1.5,0.13636363636363635,1,0.09090909090909091
2015,Rutgers,11,4.0,0.36363636363636365,3,0.2727272727272727
2015,Washington State,12,7.5,0.625,9,0.75
2015,California,12,6.0,0.5,7,0.5833333333333334
2015,San Diego State,13,10.0,0.7692307692307693,10,0.7692307692307693
2015,BYU,12,8.0,0.6666666666666666,8,0.6666666666666666
2015,Colorado State,12,6.0,0.5,6,0.5
2015,Georgia State,12,6.5,0.5416666666666666,6,0.5
2015,Utah State,12,6.0,0.5,5,0.4166666666666667
2015,Wyoming,11,1.0,0.09090909090909091,2,0.18181818181818182
2015,Texas,12,5.5,0.4583333333333333,5,0.4166666666666667
2015,Penn State,13,7.0,0.5384615384615384,7,0.5384615384615384
2015,Rice,11,3.5,0.3181818181818182,4,0.36363636363636365
2015,Air Force,13,6.5,0.5,7,0.5384615384615384
2015,Navy,12,9.5,0.7916666666666666,10,0.8333333333333334
2015,Minnesota,13,5.5,0.4230769230769231,6,0.46153846153846156
2015,TCU,12,7.5,0.625,10,0.8333333333333334
2015,Oklahoma State,12,7.0,0.5833333333333334,9,0.75
2015,West Virginia,12,7.0,0.5833333333333334,7,0.5833333333333334
2015,Iowa State,11,3.5,0.3181818181818182,2,0.18181818181818182
2015,Kansas,11,0.5,0.045454545454545456,0,0.0
2015,Kansas State,12,5.0,0.4166666666666667,5,0.4166666666666667
2015,Tulsa,13,6.0,0.46153846153846156,6,0.46153846153846156
2015,SMU,11,2.0,0.18181818181818182,2,0.18181818181818182
2015,Baylor,12,9.5,0.7916666666666666,9,0.75
2015,Maryland,11,2.5,0.22727272727272727,2,0.18181818181818182
2015,Western Michigan,12,6.5,0.5416666666666666,7,0.5833333333333334
2015,Temple,14,9.5,0.6785714285714286,10,0.7142857142857143
2015,Marshall,12,8.5,0.7083333333333334,9,0.75
2015,Florida International,11,4.0,0.36363636363636365,4,0.36363636363636365
2015,Bowling Green,14,9.5,0.6785714285714286,10,0.7142857142857143
2015,Hawai'i,12,1.5,0.125,2,0.16666666666666666
2015,Buffalo,11,4.5,0.4090909090909091,4,0.36363636363636365
2015,Miami (OH),11,3.0,0.2727272727272727,2,0.18181818181818182
2015,Kent State,11,2.5,0.22727272727272727,2,0.18181818181818182
2015,Ohio,12,7.0,0.5833333333333334,7,0.5833333333333334
2015,Cincinnati,12,6.5,0.5416666666666666,6,0.5
2015,New Mexico,12,5.5,0.4583333333333333,6,0.5
2016,Baylor,12,6.5,0.5416666666666666,6,0.5
2016,SMU,11,4.5,0.4090909090909091,4,0.36363636363636365
2016,Oklahoma State,12,7.5,0.625,9,0.75
2016,Iowa State,11,4.0,0.36363636363636365,3,0.2727272727272727
2016,Kansas,11,1.5,0.13636363636363635,1,0.09090909090909091
2016,Texas,12,6.0,0.5,5,0.4166666666666667
2016,TCU,12,6.5,0.5416666666666666,5,0.4166666666666667
2016,Oklahoma,13,9.5,0.7307692307692307,11,0.8461538461538461
2016,Kansas State,12,7.0,0.5833333333333334,8,0.6666666666666666
2016,Texas Tech,11,5.5,0.5,4,0.36363636363636365
2016,West Virginia,12,7.0,0.5833333333333334,9,0.75
2016,Iowa,12,7.5,0.625,8,0.6666666666666666
2016,Temple,13,10.0,0.7692307692307693,9,0.6923076923076923
2016,Army,11,5.5,0.5,6,0.5454545454545454
2016,Rice,11,2.5,0.22727272727272727,2,0.18181818181818182
2016,UTEP,11,3.0,0.2727272727272727,3,0.2727272727272727
2016,Buffalo,11,2.0,0.18181818181818182,2,0.18181818181818182
2016,Duke,11,2.5,0.22727272727272727,3,0.2727272727272727
2016,North Texas,12,3.5,0.2916666666666667,4,0.3333333333333333
2016,Wake Forest,12,5.0,0.4166666666666667,6,0.5
2016,Air Force,12,8.0,0.6666666666666666,9,0.75
2016,Notre Dame,12,7.0,0.5833333333333334,4,0.3333333333333333
2016,Navy,13,7.0,0.5384615384615384,8,0.6153846153846154
2016,Arizona,11,3.0,0.2727272727272727,2,0.18181818181818182
2016,BYU,12,8.0,0.6666666666666666,8,0.6666666666666666
2016,Utah,12,7.5,0.625,8,0.6666666666666666
2016,UCLA,12,5.5,0.4583333333333333,4,0.3333333333333333
2016,Toledo,12,8.5,0.7083333333333334,8,0.6666666666666666
2016,Michigan State,11,3.0,0.2727272727272727,2,0.18181818181818182
2016,Mississippi State,12,6.0,0.5,5,0.4166666666666667
2016,Cincinnati,11,3.0,0.2727272727272727,3,0.2727272727272727
2016,Massachusetts,11,2.0,0.18181818181818182,1,0.09090909090909091
2016,Utah State,11,4.0,0.36363636363636365,2,0.18181818181818182
2016,Nevada,11,4.0,0.36363636363636365,4,0.36363636363636365
2016,Syracuse,11,2.0,0.18181818181818182,3,0.2727272727272727
2016,NC State,12,7.0,0.5833333333333334,6,0.5
2016,Stanford,13,9.5,0.7307692307692307,10,0.7692307692307693
2016,Miami,12,9.5,0.7916666666666666,8,0.6666666666666666
2016,Virginia Tech,13,8.0,0.6153846153846154,9,0.6923076923076923
2016,USC,13,9.5,0.7307692307692307,10,0.7692307692307693
2016,Florida,13,8.0,0.6153846153846154,9,0.6923076923076923
2016,Boston College,12,5.5,0.4583333333333333,6,0.5
2016,Florida International,12,4.0,0.3333333333333333,4,0.3333333333333333
2016,Tulane,11,3.5,0.3181818181818182,3,0.2727272727272727
2016,Old Dominion,12,8.5,0.7083333333333334,9,0.75
2016,Louisiana Tech,13,8.0,0.6153846153846154,8,0.6153846153846154
2016,South Carolina,12,4.0,0.3333333333333333,5,0.4166666666666667
2016,Troy,12,8.0,0.6666666666666666,9,0.75
2016,Hawai'i,13,5.5,0.4230769230769231,6,0.46153846153846156
2016,Vanderbilt,12,6.0,0.5,5,0.4166666666666667
2016,Alabama,14,13.0,0.9285714285714286,13,0.9285714285714286
2016,Arkansas,12,5.0,0.4166666666666667,6,0.5
2016,Auburn,12,7.0,0.5833333333333334,7,0.5833333333333334
2016,Clemson,14,10.0,0.7142857142857143,13,0.9285714285714286
2016,North Carolina,11,6.0,0.5454545454545454,6,0.5454545454545454
2016,Georgia,12,6.5,0.5416666666666666,7,0.5833333333333334
2016,Kentucky,12,4.5,0.375,6,0.5
2016,Southern Miss,12,6.5,0.5416666666666666,6,0.5
2016,Wisconsin,14,10.0,0.7142857142857143,11,0.7857142857142857
2016,LSU,11,8.0,0.7272727272727273,7,0.6363636363636364
2016,South Alabama,11,4.5,0.4090909090909091,4,0.36363636363636365
2016,Missouri,11,3.5,0.3181818181818182,3,0.2727272727272727
2016,Tennessee,12,8.0,0.6666666666666666,8,0.6666666666666666
2016,App State,13,10.0,0.7692307692307693,10,0.7692307692307693
2016,Texas A&M,12,7.5,0.625,7,0.5833333333333334
2016,Florida State,12,8.5,0.7083333333333334,9,0.75
2016,Ole Miss,11,4.5,0.4090909090909091,4,0.36363636363636365
2016,Western Kentucky,13,10.0,0.7692307692307693,10,0.7692307692307693
2016,Arkansas State,12,8.0,0.6666666666666666,8,0.6666666666666666
2016,Eastern Michigan,12,4.5,0.375,6,0.5
2016,Middle Tennessee,12,5.5,0.4583333333333333,7,0.5833333333333334
2016,Texas State,11,1.0,0.09090909090909091,1,0.09090909090909091
2016,New Mexico State,12,3.0,0.25,3,0.25
2016,East Carolina,11,2.0,0.18181818181818182,2,0.18181818181818182
2016,Ohio,13,7.5,0.5769230769230769,7,0.5384615384615384
2016,Georgia Tech,12,7.0,0.5833333333333334,8,0.6666666666666666
2016,Kent State,10,3.0,0.3,2,0.2
2016,UL Monroe,11,3.0,0.2727272727272727,3,0.2727272727272727
2016,Memphis,12,6.5,0.5416666666666666,7,0.5833333333333334
2016,Georgia Southern,11,4.0,0.36363636363636365,4,0.36363636363636365
2016,Louisiana,12,5.0,0.4166666666666667,5,0.4166666666666667
2016,UTSA,12,6.0,0.5,5,0.4166666666666667
2016,Louisville,13,9.5,0.7307692307692307,9,0.6923076923076923
2016,California,12,4.5,0.375,5,0.4166666666666667
2016,Minnesota,12,7.5,0.625,8,0.6666666666666666
2016,Oregon State,11,4.0,0.36363636363636365,3,0.2727272727272727
2016,Colorado,13,8.0,0.6153846153846154,9,0.6923076923076923
2016,Colorado State,12,7.0,0.5833333333333334,6,0.5
2016,Washington,13,10.0,0.7692307692307693,11,0.8461538461538461
2016,Rutgers,11,2.5,0.22727272727272727,1,0.09090909090909091
2016,Arizona State,11,3.5,0.3181818181818182,4,0.36363636363636365
2016,UNLV,11,3.0,0.2727272727272727,3,0.2727272727272727
2016,Oregon,11,4.0,0.36363636363636365,3,0.2727272727272727
2016,Virginia,11,3.5,0.3181818181818182,2,0.18181818181818182
2016,Idaho,12,6.5,0.5416666666666666,8,0.6666666666666666
2016,Boise State,13,9.5,0.7307692307692307,10,0.7692307692307693
2016,Washington State,12,7.5,0.625,8,0.6666666666666666
2016,San Diego State,13,9.5,0.7307692307692307,10,0.7692307692307693
2016,Michigan,13,11.0,0.8461538461538461,10,0.7692307692307693
2016,San José State,11,2.5,0.22727272727272727,3,0.2727272727272727
2016,Nebraska,13,8.0,0.6153846153846154,9,0.6923076923076923
2016,Wyoming,13,7.0,0.5384615384615384,7,0.5384615384615384
2016,Northern Illinois,11,5.5,0.5,5,0.45454545454545453
2016,Fresno State,11,2.0,0.18181818181818182,0,0.0
2016,Tulsa,12,8.5,0.7083333333333334,9,0.75
2016,Georgia State,11,2.5,0.22727272727272727,2,0.18181818181818182
2016,New Mexico,12,6.0,0.5,8,0.6666666666666666
2016,Central Michigan,12,4.0,0.3333333333333333,5,0.4166666666666667
2016,Purdue,11,2.0,0.18181818181818182,2,0.18181818181818182
2016,Ball State,11,4.5,0.4090909090909091,3,0.2727272727272727
2016,Ohio State,13,9.5,0.7307692307692307,11,0.8461538461538461
2016,Bowling Green,11,4.0,0.36363636363636365,3,0.2727272727272727
2016,Penn State,14,10.0,0.7142857142857143,11,0.7857142857142857
2016,Miami (OH),12,6.5,0.5416666666666666,6,0.5
2016,Northwestern,12,7.0,0.5833333333333334,7,0.5833333333333334
2016,Western Michigan,13,11.5,0.8846153846153846,12,0.9230769230769231
2016,Akron,11,4.5,0.4090909090909091,4,0.36363636363636365
2016,Indiana,13,5.5,0.4230769230769231,6,0.46153846153846156
2016,South Florida,12,8.0,0.6666666666666666,10,0.8333333333333334
2016,Marshall,11,2.0,0.18181818181818182,2,0.18181818181818182
2016,Charlotte,11,3.5,0.3181818181818182,3,0.2727272727272727
2016,Illinois,11,2.0,0.18181818181818182,2,0.18181818181818182
2016,Florida Atlantic,11,3.5,0.3181818181818182,2,0.18181818181818182
2016,Maryland,12,5.5,0.4583333333333333,5,0.4166666666666667
2016,UCF,12,6.0,0.5,5,0.4166666666666667
2016,Pittsburgh,12,7.5,0.625,7,0.5833333333333334
2016,UConn,11,3.0,0.2727272727272727,2,0.18181818181818182
2016,Houston,12,8.0,0.6666666666666666,8,0.6666666666666666
2017,Alabama,13,10.5,0.8076923076923077,12,0.9230769230769231
2017,Florida State,12,6.0,0.5,6,0.5
2017,Auburn,13,10.5,0.8076923076923077,9,0.6923076923076923
2017,Georgia Southern,11,3.0,0.2727272727272727,2,0.18181818181818182
2017,Florida,11,4.5,0.4090909090909091,4,0.36363636363636365
2017,Michigan,13,8.5,0.6538461538461539,8,0.6153846153846154
2017,Georgia,14,11.5,0.8214285714285714,12,0.8571428571428571
2017,App State,12,8.0,0.6666666666666666,8,0.6666666666666666
2017,Southern Miss,12,6.0,0.5,7,0.5833333333333334
2017,Kentucky,12,5.5,0.4583333333333333,6,0.5
2017,LSU,12,8.0,0.6666666666666666,8,0.6666666666666666
2017,BYU,12,4.5,0.375,3,0.25
2017,Ole Miss,11,5.0,0.45454545454545453,5,0.45454545454545453
2017,South Alabama,11,4.5,0.4090909090909091,3,0.2727272727272727
2017,South Carolina,12,5.5,0.4583333333333333,8,0.6666666666666666
2017,NC State,12,8.0,0.6666666666666666,8,0.6666666666666666
2017,UCLA,13,5.0,0.38461538461538464,6,0.46153846153846156
2017,Texas A&M,12,5.5,0.4583333333333333,6,0.5
2017,Middle Tennessee,13,7.0,0.5384615384615384,7,0.5384615384615384
2017,Vanderbilt,11,4.0,0.36363636363636365,4,0.36363636363636365
2017,Georgia Tech,10,5.0,0.5,4,0.4
2017,Tennessee,11,3.5,0.3181818181818182,3,0.2727272727272727
2017,Fresno State,13,8.0,0.6153846153846154,9,0.6923076923076923
2017,Arkansas,11,3.5,0.3181818181818182,3,0.2727272727272727
2017,TCU,13,9.5,0.7307692307692307,10,0.7692307692307693
2017,Clemson,13,10.5,0.8076923076923077,11,0.8461538461538461
2017,Notre Dame,13,9.5,0.7307692307692307,10,0.7692307692307693
2017,Louisiana Tech,12,7.5,0.625,6,0.5
2017,Mississippi State,12,8.0,0.6666666666666666,8,0.6666666666666666
2017,Missouri,12,6.0,0.5,6,0.5
2017,Colorado State,12,6.5,0.5416666666666666,6,0.5
2017,California,11,5.0,0.45454545454545453,4,0.36363636363636365
2017,Purdue,13,8.0,0.6153846153846154,7,0.5384615384615384
2017,Louisiana,11,3.5,0.3181818181818182,4,0.36363636363636365
2017,Kansas State,12,7.5,0.625,7,0.5833333333333334
2017,Syracuse,11,4.0,0.36363636363636365,3,0.2727272727272727
2017,Massachusetts,11,4.0,0.36363636363636365,3,0.2727272727272727
2017,New Mexico State,13,5.5,0.4230769230769231,7,0.5384615384615384
2017,Eastern Michigan,12,6.5,0.5416666666666666,5,0.4166666666666667
2017,Troy,12,7.5,0.625,10,0.8333333333333334
2017,Idaho,11,4.5,0.4090909090909091,3,0.2727272727272727
2017,UConn,11,2.0,0.18181818181818182,2,0.18181818181818182
2017,Coastal Carolina,11,5.0,0.45454545454545453,3,0.2727272727272727
2017,Western Kentucky,12,4.5,0.375,5,0.4166666666666667
2017,New Mexico,11,3.0,0.2727272727272727,2,0.18181818181818182
2017,UL Monroe,12,3.5,0.2916666666666667,4,0.3333333333333333
2017,UAB,12,6.0,0.5,7,0.5833333333333334
2017,Louisville,12,7.0,0.5833333333333334,7,0.5833333333333334
2017,Oklahoma,14,11.5,0.8214285714285714,12,0.8571428571428571
2017,UTEP,12,0.5,0.041666666666666664,0,0.0
2017,Oklahoma State,13,9.0,0.6923076923076923,10,0.7692307692307693
2017,Tulsa,12,4.5,0.375,2,0.16666666666666666
2017,Texas,13,8.5,0.6538461538461539,7,0.5384615384615384
2017,Maryland,11,2.5,0.22727272727272727,3,0.2727272727272727
2017,Virginia Tech,12,7.5,0.625,8,0.6666666666666666
2017,West Virginia,12,5.5,0.4583333333333333,6,0.5
2017,Baylor,11,2.5,0.22727272727272727,1,0.09090909090909091
2017,UTSA,10,6.0,0.6,5,0.5
2017,Iowa State,12,7.5,0.625,7,0.5833333333333334
2017,Iowa,13,8.0,0.6153846153846154,8,0.6153846153846154
2017,Kansas,11,0.0,0.0,0,0.0
2017,Central Michigan,12,5.5,0.4583333333333333,7,0.5833333333333334
2017,Charlotte,11,1.5,0.13636363636363635,1,0.09090909090909091
2017,Ohio State,14,11.0,0.7857142857142857,12,0.8571428571428571
2017,San José State,12,0.5,0.041666666666666664,1,0.08333333333333333
2017,East Carolina,11,3.0,0.2727272727272727,3,0.2727272727272727
2017,Duke,12,7.5,0.625,6,0.5
2017,Ohio,12,8.5,0.7083333333333334,8,0.6666666666666666
2017,Tulane,11,4.5,0.4090909090909091,4,0.36363636363636365
2017,Pittsburgh,11,5.0,0.45454545454545453,4,0.36363636363636365
2017,SMU,12,5.5,0.4583333333333333,6,0.5
2017,USC,14,9.5,0.6785714285714286,11,0.7857142857142857
2017,Texas Tech,12,5.0,0.4166666666666667,5,0.4166666666666667
2017,Arizona State,13,6.5,0.5,7,0.5384615384615384
2017,Akron,13,5.0,0.38461538461538464,6,0.46153846153846156
2017,Houston,12,7.5,0.625,7,0.5833333333333334
2017,Army,12,7.0,0.5833333333333334,9,0.75
2017,Buffalo,11,6.0,0.5454545454545454,5,0.45454545454545453
2017,Rice,12,2.0,0.16666666666666666,1,0.08333333333333333
2017,Temple,12,6.5,0.5416666666666666,6,0.5
2017,Air Force,11,3.5,0.3181818181818182,4,0.36363636363636365
2017,North Texas,13,5.5,0.4230769230769231,8,0.6153846153846154
2017,Navy,13,7.5,0.5769230769230769,7,0.5384615384615384
2017,Boston College,13,7.0,0.5384615384615384,7,0.5384615384615384
2017,Michigan State,13,8.0,0.6153846153846154,10,0.7692307692307693
2017,Miami (OH),11,6.5,0.5909090909090909,4,0.36363636363636365
2017,North Carolina,11,3.0,0.2727272727272727,2,0.18181818181818182
2017,Wake Forest,12,6.5,0.5416666666666666,7,0.5833333333333334
2017,Miami,12,7.0,0.5833333333333334,9,0.75
2017,Stanford,14,9.0,0.6428571428571429,9,0.6428571428571429
2017,Indiana,11,6.0,0.5454545454545454,4,0.36363636363636365
2017,Minnesota,12,6.0,0.5,5,0.4166666666666667
2017,Wisconsin,14,13.0,0.9285714285714286,13,0.9285714285714286
2017,Utah State,12,6.5,0.5416666666666666,5,0.4166666666666667
2017,Illinois,12,2.0,0.16666666666666666,2,0.16666666666666666
2017,Ball State,11,1.5,0.13636363636363635,1,0.09090909090909091
2017,Wyoming,12,6.5,0.5416666666666666,7,0.5833333333333334
2017,Bowling Green,11,2.0,0.18181818181818182,2,0.18181818181818182
2017,Nebraska,12,4.5,0.375,4,0.3333333333333333
2017,Arkansas State,11,8.0,0.7272727272727273,6,0.5454545454545454
2017,Northwestern,13,8.0,0.6153846153846154,10,0.7692307692307693
2017,Nevada,11,3.5,0.3181818181818182,3,0.2727272727272727
2017,Penn State,13,11.0,0.8461538461538461,11,0.8461538461538461
2017,Cincinnati,11,2.0,0.18181818181818182,3,0.2727272727272727
2017,Western Michigan,11,5.5,0.5,5,0.45454545454545453
2017,Rutgers,11,2.5,0.22727272727272727,3,0.2727272727272727
2017,Colorado,11,4.5,0.4090909090909091,4,0.36363636363636365
2017,Washington,12,10.0,0.8333333333333334,9,0.75
2017,Arizona,12,6.5,0.5416666666666666,6,0.5
2017,San Diego State,12,8.0,0.6666666666666666,9,0.75
2017,Hawai'i,11,2.5,0.22727272727272727,2,0.18181818181818182
2017,Texas State,11,2.0,0.18181818181818182,1,0.09090909090909091
2017,Utah,12,7.0,0.5833333333333334,6,0.5
2017,Oregon,12,6.0,0.5,6,0.5
2017,Oregon State,11,1.0,0.09090909090909091,0,0.0
2017,Washington State,12,6.0,0.5,8,0.6666666666666666
2017,Boise State,14,10.5,0.75,11,0.7857142857142857
2017,Memphis,12,8.0,0.6666666666666666,9,0.75
2017,Virginia,12,3.5,0.2916666666666667,5,0.4166666666666667
2017,Florida Atlantic,13,10.0,0.7692307692307693,10,0.7692307692307693
2017,Northern Illinois,12,6.5,0.5416666666666666,7,0.5833333333333334
2017,Georgia State,11,5.0,0.45454545454545453,7,0.6363636363636364
2017,UCF,12,10.0,0.8333333333333334,12,1.0
2017,UNLV,11,5.0,0.45454545454545453,5,0.45454545454545453
2017,Kent State,11,0.5,0.045454545454545456,1,0.09090909090909091
2017,Marshall,13,8.0,0.6153846153846154,8,0.6153846153846154
2017,Old Dominion,11,3.5,0.3181818181818182,4,0.36363636363636365
2017,Toledo,13,9.0,0.6923076923076923,10,0.7692307692307693
2017,Florida International,12,6.0,0.5,7,0.5833333333333334
2017,South Florida,11,8.5,0.7727272727272727,9,0.8181818181818182
2018,Alabama,14,12.5,0.8928571428571429,13,0.9285714285714286
2018,Louisville,11,1.0,0.09090909090909091,1,0.09090909090909091
2018,Auburn,12,7.0,0.5833333333333334,7,0.5833333333333334
2018,Washington,13,9.0,0.6923076923076923,9,0.6923076923076923
2018,Kentucky,12,8.0,0.6666666666666666,9,0.75
2018,Central Michigan,11,1.5,0.13636363636363635,0,0.0
2018,Texas Tech,11,5.0,0.45454545454545453,4,0.36363636363636365
2018,Ole Miss,11,4.5,0.4090909090909091,4,0.36363636363636365
2018,South Carolina,12,5.5,0.4583333333333333,6,0.5
2018,Coastal Carolina,11,3.5,0.3181818181818182,4,0.36363636363636365
2018,Tennessee,11,4.0,0.36363636363636365,4,0.36363636363636365
2018,West Virginia,11,7.0,0.6363636363636364,7,0.6363636363636364
2018,Vanderbilt,12,6.5,0.5416666666666666,5,0.4166666666666667
2018,Middle Tennessee,13,7.0,0.5384615384615384,7,0.5384615384615384
2018,Arkansas State,12,8.0,0.6666666666666666,7,0.5833333333333334
2018,Colorado State,11,3.0,0.2727272727272727,3,0.2727272727272727
2018,Arkansas,11,3.0,0.2727272727272727,1,0.09090909090909091
2018,Florida,11,6.5,0.5909090909090909,8,0.7272727272727273
2018,Kansas State,11,5.5,0.5,4,0.36363636363636365
2018,Mississippi State,12,8.0,0.6666666666666666,7,0.5833333333333334
2018,Missouri,12,7.5,0.625,7,0.5833333333333334
2018,Wyoming,11,5.5,0.5,5,0.45454545454545453
2018,Georgia,13,11.0,0.8461538461538461,10,0.7692307692307693
2018,Texas A&M,12,7.0,0.5833333333333334,8,0.6666666666666666
2018,Clemson,14,13.0,0.9285714285714286,14,1.0
2018,Nevada,12,6.0,0.5,7,0.5833333333333334
2018,North Texas,12,8.0,0.6666666666666666,8,0.6666666666666666
2018,LSU,12,8.5,0.7083333333333334,9,0.75
2018,Louisiana,13,5.5,0.4230769230769231,6,0.46153846153846156
2018,Purdue,13,7.0,0.5384615384615384,6,0.46153846153846156
2018,UTEP,11,2.0,0.18181818181818182,1,0.09090909090909091
2018,UL Monroe,11,5.0,0.45454545454545453,5,0.45454545454545453
2018,Notre Dame,13,9.5,0.7307692307692307,12,0.9230769230769231
2018,Louisiana Tech,12,5.5,0.4583333333333333,7,0.5833333333333334
2018,Kent State,11,2.5,0.22727272727272727,1,0.09090909090909091
2018,Southern Miss,10,5.5,0.55,5,0.5
2018,Tulsa,11,3.5,0.3181818181818182,2,0.18181818181818182
2018,Memphis,13,8.5,0.6538461538461539,7,0.5384615384615384
2018,Charlotte,11,3.5,0.3181818181818182,4,0.36363636363636365
2018,Liberty,10,4.0,0.4,4,0.4
2018,Massachusetts,11,2.0,0.18181818181818182,3,0.2727272727272727
2018,Rice,12,1.5,0.125,1,0.08333333333333333
2018,UAB,13,8.0,0.6153846153846154,10,0.7692307692307693
2018,Florida State,11,3.5,0.3181818181818182,4,0.36363636363636365
2018,Georgia Tech,12,5.5,0.4583333333333333,6,0.5
2018,Arizona,11,5.0,0.45454545454545453,4,0.36363636363636365
2018,BYU,12,7.0,0.5833333333333334,6,0.5
2018,Arizona State,13,7.5,0.5769230769230769,7,0.5384615384615384
2018,UTSA,12,3.0,0.25,3,0.25
2018,USC,12,6.0,0.5,5,0.4166666666666667
2018,UNLV,11,3.5,0.3181818181818182,3,0.2727272727272727
2018,UCLA,12,3.5,0.2916666666666667,3,0.25
2018,Cincinnati,12,9.0,0.75,10,0.8333333333333334
2018,Colorado,11,4.0,0.36363636363636365,4,0.36363636363636365
2018,Oregon,12,7.5,0.625,8,0.6666666666666666
2018,Bowling Green,11,3.0,0.2727272727272727,2,0.18181818181818182
2018,Ohio State,14,11.0,0.7857142857142857,13,0.9285714285714286
2018,Oregon State,11,1.0,0.09090909090909091,1,0.09090909090909091
2018,Washington State,12,8.5,0.7083333333333334,10,0.8333333333333334
2018,California,12,5.5,0.4583333333333333,6,0.5
2018,North Carolina,10,3.0,0.3,1,0.1
2018,Houston,12,7.0,0.5833333333333334,7,0.5833333333333334
2018,Michigan State,13,7.0,0.5384615384615384,7,0.5384615384615384
2018,Oklahoma,14,10.5,0.75,12,0.8571428571428571
2018,Nebraska,11,5.0,0.45454545454545453,3,0.2727272727272727
2018,Northern Illinois,14,6.0,0.42857142857142855,8,0.5714285714285714
2018,Utah,13,8.0,0.6153846153846154,8,0.6153846153846154
2018,San José State,11,2.0,0.18181818181818182,1,0.09090909090909091
2018,Stanford,12,7.0,0.5833333333333334,8,0.6666666666666666
2018,San Diego State,12,4.5,0.375,6,0.5
2018,Texas,14,8.0,0.5714285714285714,10,0.7142857142857143
2018,Fresno State,13,11.5,0.8846153846153846,11,0.8461538461538461
2018,Illinois,11,3.5,0.3181818181818182,3,0.2727272727272727
2018,South Florida,12,4.0,0.3333333333333333,6,0.5
2018,Penn State,13,9.0,0.6923076923076923,9,0.6923076923076923
2018,Rutgers,12,2.5,0.20833333333333334,1,0.08333333333333333
2018,Wisconsin,13,8.0,0.6153846153846154,8,0.6153846153846154
2018,Maryland,12,5.5,0.4583333333333333,5,0.4166666666666667
2018,Minnesota,13,6.0,0.46153846153846156,7,0.5384615384615384
2018,Iowa,12,8.5,0.7083333333333334,8,0.6666666666666666
2018,Northwestern,14,7.5,0.5357142857142857,9,0.6428571428571429
2018,Texas State,11,3.5,0.3181818181818182,2,0.18181818181818182
2018,Kansas,11,3.5,0.3181818181818182,3,0.2727272727272727
2018,Buffalo,13,8.5,0.6538461538461539,9,0.6923076923076923
2018,Indiana,12,5.0,0.4166666666666667,5,0.4166666666666667
2018,Michigan,13,10.0,0.7692307692307693,10,0.7692307692307693
2018,Florida International,12,6.5,0.5416666666666666,8,0.6666666666666666
2018,Virginia,12,8.0,0.6666666666666666,7,0.5833333333333334
2018,Ball State,11,3.5,0.3181818181818182,3,0.2727272727272727
2018,Iowa State,12,7.0,0.5833333333333334,7,0.5833333333333334
2018,Temple,12,7.5,0.625,8,0.6666666666666666
2018,Utah State,12,9.5,0.7916666666666666,10,0.8333333333333334
2018,Western Michigan,12,4.5,0.375,6,0.5
2018,SMU,11,4.0,0.36363636363636365,4,0.36363636363636365
2018,Baylor,12,5.5,0.4583333333333333,6,0.5
2018,Duke,12,6.0,0.5,7,0.5833333333333334
2018,Oklahoma State,12,6.5,0.5416666666666666,6,0.5
2018,TCU,12,4.5,0.375,6,0.5
2018,Akron,11,1.5,0.13636363636363635,3,0.2727272727272727
2018,Florida Atlantic,11,5.5,0.5,4,0.36363636363636365
2018,Army,11,7.5,0.6818181818181818,9,0.8181818181818182
2018,Tulane,12,6.0,0.5,6,0.5
2018,Wake Forest,12,5.0,0.4166666666666667,6,0.5
2018,Boston College,11,6.5,0.5909090909090909,6,0.5454545454545454
2018,Miami,12,7.0,0.5833333333333334,6,0.5
2018,Virginia Tech,12,4.5,0.375,5,0.4166666666666667
2018,East Carolina,11,3.5,0.3181818181818182,3,0.2727272727272727
2018,NC State,12,7.5,0.625,8,0.6666666666666666
2018,Georgia State,11,1.5,0.13636363636363635,1,0.09090909090909091
2018,Pittsburgh,13,6.5,0.5,6,0.46153846153846156
2018,Georgia Southern,12,7.5,0.625,9,0.75
2018,Syracuse,12,9.5,0.7916666666666666,9,0.75
2018,Western Kentucky,11,4.0,0.36363636363636365,3,0.2727272727272727
2018,Toledo,12,7.0,0.5833333333333334,6,0.5
2018,Ohio,12,9.0,0.75,8,0.6666666666666666
2018,Marshall,12,7.0,0.5833333333333334,8,0.6666666666666666
2018,UConn,11,1.0,0.09090909090909091,0,0.0
2018,Old Dominion,11,3.5,0.3181818181818182,3,0.2727272727272727
2018,UCF,12,11.0,0.9166666666666666,11,0.9166666666666666
2018,Navy,12,3.0,0.25,2,0.16666666666666666
2018,New Mexico State,11,2.0,0.18181818181818182,2,0.18181818181818182
2018,Miami (OH),12,6.5,0.5416666666666666,6,0.5
2018,Troy,12,8.0,0.6666666666666666,9,0.75
2018,App State,12,10.5,0.875,10,0.8333333333333334
2018,Eastern Michigan,12,7.0,0.5833333333333334,6,0.5
2018,New Mexico,11,3.0,0.2727272727272727,2,0.18181818181818182
2018,Hawai'i,13,5.5,0.4230769230769231,7,0.5384615384615384
2018,Air Force,11,5.5,0.5,4,0.36363636363636365
2018,South Alabama,11,2.0,0.18181818181818182,2,0.18181818181818182
2018,Boise State,13,9.5,0.7307692307692307,10,0.7692307692307693
2019,Alabama,12,11.0,0.9166666666666666,10,0.8333333333333334
2019,Duke,11,5.0,0.45454545454545453,4,0.36363636363636365
2019,Auburn,12,7.5,0.625,8,0.6666666666666666
2019,Oregon,13,10.5,0.8076923076923077,11,0.8461538461538461
2019,Florida,11,8.0,0.7272727272727273,9,0.8181818181818182
2019,Miami,12,6.0,0.5,5,0.4166666666666667
2019,Kentucky,12,7.0,0.5833333333333334,7,0.5833333333333334
2019,Toledo,11,3.0,0.2727272727272727,5,0.45454545454545453
2019,LSU,14,12.5,0.8928571428571429,14,1.0
2019,Georgia Southern,12,6.0,0.5,6,0.5
2019,Memphis,13,9.5,0.7307692307692307,11,0.8461538461538461
2019,Ole Miss,11,5.5,0.5,3,0.2727272727272727
2019,Louisiana,13,10.0,0.7692307692307693,10,0.7692307692307693
2019,Mississippi State,12,5.0,0.4166666666666667,5,0.4166666666666667
2019,Wyoming,12,8.5,0.7083333333333334,7,0.5833333333333334
2019,Missouri,11,6.5,0.5909090909090909,5,0.45454545454545453
2019,North Carolina,12,7.5,0.625,6,0.5
2019,South Carolina,11,3.5,0.3181818181818182,3,0.2727272727272727
2019,Tennessee,12,6.5,0.5416666666666666,7,0.5833333333333334
2019,Georgia State,12,5.5,0.4583333333333333,6,0.5
2019,Texas A&M,12,6.5,0.5416666666666666,7,0.5833333333333334
2019,Texas State,11,1.5,0.13636363636363635,2,0.18181818181818182
2019,Vanderbilt,11,1.0,0.09090909090909091,2,0.18181818181818182
2019,Georgia,13,9.5,0.7307692307692307,11,0.8461538461538461
2019,New Mexico State,11,2.0,0.18181818181818182,1,0.09090909090909091
2019,Tulane,12,7.0,0.5833333333333334,6,0.5
2019,Eastern Michigan,12,5.5,0.4583333333333333,5,0.4166666666666667
2019,Texas,13,8.0,0.6153846153846154,8,0.6153846153846154
2019,Arkansas,11,2.5,0.22727272727272727,1,0.09090909090909091
2019,Southern Miss,12,5.5,0.4583333333333333,6,0.5
2019,West Virginia,11,3.5,0.3181818181818182,4,0.36363636363636365
2019,BYU,12,5.5,0.4583333333333333,6,0.5
2019,Clemson,14,12.0,0.8571428571428571,13,0.9285714285714286
2019,Purdue,12,5.0,0.4166666666666667,4,0.3333333333333333
2019,Colorado State,11,4.0,0.36363636363636365,3,0.2727272727272727
2019,Kent State,12,6.0,0.5,6,0.5
2019,Arkansas State,12,5.5,0.4583333333333333,7,0.5833333333333334
2019,Kansas State,12,6.5,0.5416666666666666,7,0.5833333333333334
2019,San José State,11,4.0,0.36363636363636365,4,0.36363636363636365
2019,Notre Dame,13,10.5,0.8076923076923077,11,0.8461538461538461
2019,California,12,6.0,0.5,7,0.5833333333333334
2019,Northern Illinois,11,4.0,0.36363636363636365,4,0.36363636363636365
2019,Utah State,12,5.0,0.4166666666666667,6,0.5
2019,Troy,11,5.5,0.5,4,0.36363636363636365
2019,UNLV,11,2.5,0.22727272727272727,3,0.2727272727272727
2019,UAB,13,7.5,0.5769230769230769,8,0.6153846153846154
2019,UTSA,11,2.0,0.18181818181818182,3,0.2727272727272727
2019,Western Kentucky,12,7.5,0.625,9,0.75
2019,App State,13,11.0,0.8461538461538461,12,0.9230769230769231
2019,Florida State,12,6.0,0.5,5,0.4166666666666667
2019,Georgia Tech,11,2.0,0.18181818181818182,3,0.2727272727272727
2019,Louisville,12,5.5,0.4583333333333333,7,0.5833333333333334
2019,Baylor,13,8.5,0.6538461538461539,10,0.7692307692307693
2019,Rice,12,4.0,0.3333333333333333,3,0.25
2019,Iowa State,12,7.5,0.625,6,0.5
2019,Texas Tech,11,5.0,0.45454545454545453,3,0.2727272727272727
2019,Oklahoma State,12,6.5,0.5416666666666666,7,0.5833333333333334
2019,TCU,11,6.5,0.5909090909090909,4,0.36363636363636365
2019,Oklahoma,13,9.0,0.6923076923076923,11,0.8461538461538461
2019,Kansas,11,3.0,0.2727272727272727,2,0.18181818181818182
2019,Iowa,13,9.5,0.7307692307692307,10,0.7692307692307693
2019,UL Monroe,11,5.0,0.45454545454545453,4,0.36363636363636365
2019,Coastal Carolina,11,4.5,0.4090909090909091,4,0.36363636363636365
2019,Boston College,12,5.5,0.4583333333333333,5,0.4166666666666667
2019,Bowling Green,11,2.0,0.18181818181818182,2,0.18181818181818182
2019,Houston,11,4.0,0.36363636363636365,3,0.2727272727272727
2019,UCLA,12,4.0,0.3333333333333333,4,0.3333333333333333
2019,Oregon State,11,4.5,0.4090909090909091,4,0.36363636363636365
2019,Tulsa,12,4.0,0.3333333333333333,4,0.3333333333333333
2019,SMU,13,8.5,0.6538461538461539,10,0.7692307692307693
2019,Louisiana Tech,12,9.0,0.75,9,0.75
2019,UTEP,11,0.5,0.045454545454545456,0,0.0
2019,Arizona,11,2.5,0.22727272727272727,3,0.2727272727272727
2019,NC State,11,3.0,0.2727272727272727,3,0.2727272727272727
2019,Illinois,13,5.5,0.4230769230769231,6,0.46153846153846156
2019,Akron,12,1.0,0.08333333333333333,0,0.0
2019,UConn,11,2.5,0.22727272727272727,1,0.09090909090909091
2019,Nebraska,12,6.0,0.5,5,0.4166666666666667
2019,Minnesota,12,8.0,0.6666666666666666,10,0.8333333333333334
2019,Michigan,13,8.5,0.6538461538461539,9,0.6923076923076923
2019,Wisconsin,14,10.5,0.75,10,0.7142857142857143
2019,Rutgers,12,2.0,0.16666666666666666,2,0.16666666666666666
2019,Michigan State,13,7.0,0.5384615384615384,7,0.5384615384615384
2019,Northwestern,12,4.0,0.3333333333333333,3,0.25
2019,Ball State,11,4.5,0.4090909090909091,4,0.36363636363636365
2019,Indiana,12,6.5,0.5416666666666666,7,0.5833333333333334
2019,Ohio State,14,13.5,0.9642857142857143,13,0.9285714285714286
2019,Maryland,11,3.5,0.3181818181818182,2,0.18181818181818182
2019,Penn State,12,8.5,0.7083333333333334,10,0.8333333333333334
2019,Miami (OH),13,4.5,0.34615384615384615,7,0.5384615384615384
2019,Middle Tennessee,11,4.5,0.4090909090909091,3,0.2727272727272727
2019,Syracuse,11,5.0,0.45454545454545453,4,0.36363636363636365
2019,Temple,12,6.0,0.5,7,0.5833333333333334
2019,Western Michigan,12,7.0,0.5833333333333334,6,0.5
2019,Arizona State,12,6.0,0.5,7,0.5833333333333334
2019,Army,11,4.5,0.4090909090909091,3,0.2727272727272727
2019,Fresno State,11,5.0,0.45454545454545453,3,0.2727272727272727
2019,South Alabama,11,1.5,0.13636363636363635,1,0.09090909090909091
2019,Colorado,12,4.5,0.375,5,0.4166666666666667
2019,Stanford,12,4.5,0.375,4,0.3333333333333333
2019,Massachusetts,11,0.5,0.045454545454545456,1,0.09090909090909091
2019,Florida Atlantic,13,10.5,0.8076923076923077,10,0.7692307692307693
2019,Cincinnati,14,9.5,0.6785714285714286,11,0.7857142857142857
2019,Buffalo,12,8.0,0.6666666666666666,7,0.5833333333333334
2019,Pittsburgh,12,6.0,0.5,7,0.5833333333333334
2019,Nevada,12,4.5,0.375,6,0.5
2019,Liberty,11,5.0,0.45454545454545453,6,0.5454545454545454
2019,Central Michigan,13,7.5,0.5769230769230769,7,0.5384615384615384
2019,Wake Forest,12,6.0,0.5,7,0.5833333333333334
2019,Boise State,13,9.5,0.7307692307692307,11,0.8461538461538461
2019,East Carolina,10,2.0,0.2,2,0.2
2019,Virginia,13,8.0,0.6153846153846154,8,0.6153846153846154
2019,Virginia Tech,11,6.5,0.5909090909090909,6,0.5454545454545454
2019,South Florida,11,3.5,0.3181818181818182,3,0.2727272727272727
2019,Ohio,12,7.0,0.5833333333333334,6,0.5
2019,Old Dominion,11,1.5,0.13636363636363635,0,0.0
2019,Charlotte,12,5.0,0.4166666666666667,6,0.5
2019,UCF,12,10.0,0.8333333333333334,9,0.75
2019,Florida International,12,5.5,0.4583333333333333,5,0.4166666666666667
2019,Washington State,12,5.5,0.4583333333333333,5,0.4166666666666667
2019,Utah,13,10.0,0.7692307692307693,10,0.7692307692307693
2019,USC,13,7.0,0.5384615384615384,8,0.6153846153846154
2019,Hawai'i,14,7.0,0.5,9,0.6428571428571429
2019,Washington,12,9.0,0.75,7,0.5833333333333334
2019,North Texas,11,4.5,0.4090909090909091,3,0.2727272727272727
2019,Air Force,12,9.0,0.75,10,0.8333333333333334
2019,San Diego State,12,9.5,0.7916666666666666,9,0.75
2019,Marshall,12,5.5,0.4583333333333333,7,0.5833333333333334
2019,Navy,12,8.5,0.7083333333333334,10,0.8333333333333334
2019,New Mexico,11,1.0,0.09090909090909091,1,0.09090909090909091
2021,Miami,11,5.5,0.5,6,0.5454545454545454
2021,Alabama,14,10.5,0.75,12,0.8571428571428571
2021,Arkansas,12,8.0,0.6666666666666666,8,0.6666666666666666
2021,Rice,11,2.5,0.22727272727272727,3,0.2727272727272727
2021,Auburn,12,6.5,0.5416666666666666,5,0.4166666666666667
2021,Akron,11,2.0,0.18181818181818182,1,0.09090909090909091
2021,Florida,12,6.5,0.5416666666666666,5,0.4166666666666667
2021,Florida Atlantic,11,3.5,0.3181818181818182,4,0.36363636363636365
2021,Clemson,12,7.5,0.625,9,0.75
2021,Georgia,14,12.5,0.8928571428571429,13,0.9285714285714286
2021,Kentucky,12,7.5,0.625,9,0.75
2021,UL Monroe,11,4.0,0.36363636363636365,3,0.2727272727272727
2021,UCLA,12,8.5,0.7083333333333334,8,0.6666666666666666
2021,LSU,12,5.0,0.4166666666666667,5,0.4166666666666667
2021,Mississippi State,12,6.5,0.5416666666666666,6,0.5
2021,Louisiana Tech,11,4.0,0.36363636363636365,2,0.18181818181818182
2021,Missouri,12,5.5,0.4583333333333333,5,0.4166666666666667
2021,Central Michigan,12,6.5,0.5416666666666666,8,0.6666666666666666
2021,Tennessee,12,7.0,0.5833333333333334,6,0.5
2021,Bowling Green,11,4.0,0.36363636363636365,3,0.2727272727272727
2021,New Mexico State,11,1.5,0.13636363636363635,1,0.09090909090909091
2021,UTEP,12,6.5,0.5416666666666666,6,0.5
2021,Charlotte,11,2.5,0.22727272727272727,4,0.36363636363636365
2021,Duke,11,2.5,0.22727272727272727,2,0.18181818181818182
2021,Texas A&M,11,7.0,0.6363636363636364,7,0.6363636363636364
2021,Kent State,13,4.0,0.3076923076923077,6,0.46153846153846156
2021,Ole Miss,12,8.0,0.6666666666666666,9,0.75
2021,Louisville,12,6.0,0.5,5,0.4166666666666667
2021,Texas,12,6.5,0.5416666666666666,5,0.4166666666666667
2021,South Florida,11,2.5,0.22727272727272727,1,0.09090909090909091
2021,UAB,12,7.5,0.625,8,0.6666666666666666
2021,NC State,11,7.5,0.6818181818181818,8,0.7272727272727273
2021,East Carolina,11,6.0,0.5454545454545454,6,0.5454545454545454
2021,South Carolina,12,5.5,0.4583333333333333,6,0.5
2021,Pittsburgh,13,10.0,0.7692307692307693,10,0.7692307692307693
2021,Colorado,11,2.5,0.22727272727272727,3,0.2727272727272727
2021,Colorado State,11,4.5,0.4090909090909091,3,0.2727272727272727
2021,Vanderbilt,11,1.5,0.13636363636363635,2,0.18181818181818182
2021,Georgia Southern,11,3.0,0.2727272727272727,2,0.18181818181818182
2021,Penn State,12,7.0,0.5833333333333334,6,0.5
2021,Tulane,11,3.5,0.3181818181818182,1,0.09090909090909091
2021,Memphis,11,5.0,0.45454545454545453,5,0.45454545454545453
2021,New Mexico,11,2.5,0.22727272727272727,2,0.18181818181818182
2021,Stanford,12,3.5,0.2916666666666667,3,0.25
2021,Southern Miss,11,2.5,0.22727272727272727,2,0.18181818181818182
2021,Georgia State,13,7.0,0.5384615384615384,8,0.6153846153846154
2021,Boston College,11,5.5,0.5,5,0.45454545454545453
2021,Troy,11,3.5,0.3181818181818182,4,0.36363636363636365
2021,UConn,10,1.0,0.1,0,0.0
2021,North Texas,12,4.5,0.375,5,0.4166666666666667
2021,Liberty,12,7.5,0.625,7,0.5833333333333334
2021,South Alabama,11,5.5,0.5,4,0.36363636363636365
2021,Florida State,11,5.0,0.45454545454545453,5,0.45454545454545453
2021,Georgia Tech,11,3.5,0.3181818181818182,2,0.18181818181818182
2021,UTSA,13,8.0,0.6153846153846154,11,0.8461538461538461
2021,Western Kentucky,13,10.0,0.7692307692307693,8,0.6153846153846154
2021,Navy,12,4.5,0.375,4,0.3333333333333333
2021,Marshall,12,7.5,0.625,6,0.5
2021,Illinois,12,5.5,0.4583333333333333,5,0.4166666666666667
2021,Florida International,11,1.0,0.09090909090909091,0,0.0
2021,Texas State,11,3.0,0.2727272727272727,4,0.36363636363636365
2021,Virginia Tech,12,5.5,0.4583333333333333,5,0.4166666666666667
2021,Middle Tennessee,12,6.0,0.5,6,0.5
2021,SMU,11,7.0,0.6363636363636364,7,0.6363636363636364
2021,Houston,13,9.0,0.6923076923076923,11,0.8461538461538461
2021,Boise State,12,8.5,0.7083333333333334,7,0.5833333333333334
2021,Army,12,7.5,0.625,8,0.6666666666666666
2021,Texas Tech,12,6.0,0.5,6,0.5
2021,Old Dominion,12,5.5,0.4583333333333333,5,0.4166666666666667
2021,Air Force,12,9.0,0.75,9,0.75
2021,App State,13,9.0,0.6923076923076923,9,0.6923076923076923
2021,Buffalo,11,3.5,0.3181818181818182,3,0.2727272727272727
2021,Indiana,11,1.5,0.13636363636363635,1,0.09090909090909091
2021,UNLV,11,4.5,0.4090909090909091,2,0.18181818181818182
2021,Michigan State,12,8.0,0.6666666666666666,10,0.8333333333333334
2021,Wake Forest,13,9.0,0.6923076923076923,10,0.7692307692307693
2021,Northern Illinois,13,6.0,0.46153846153846156,8,0.6153846153846154
2021,Ohio,11,3.5,0.3181818181818182,3,0.2727272727272727
2021,Syracuse,11,4.5,0.4090909090909091,4,0.36363636363636365
2021,Massachusetts,10,1.0,0.1,1,0.1
2021,Notre Dame,13,10.0,0.7692307692307693,11,0.8461538461538461
2021,North Carolina,12,5.5,0.4583333333333333,5,0.4166666666666667
2021,Rutgers,12,4.0,0.3333333333333333,4,0.3333333333333333
2021,Virginia,11,4.0,0.36363636363636365,5,0.45454545454545453
2021,UCF,12,7.0,0.5833333333333334,8,0.6666666666666666
2021,Northwestern,11,3.0,0.2727272727272727,2,0.18181818181818182
2021,Western Michigan,12,6.0,0.5,7,0.5833333333333334
2021,Temple,11,1.5,0.13636363636363635,2,0.18181818181818182
2021,West Virginia,12,4.5,0.375,5,0.4166666666666667
2021,Kansas,11,1.5,0.13636363636363635,1,0.09090909090909091
2021,BYU,12,7.5,0.625,9,0.75
2021,Toledo,12,8.5,0.7083333333333334,6,0.5
2021,Purdue,13,8.0,0.6153846153846154,9,0.6923076923076923
2021,Wisconsin,13,8.0,0.6153846153846154,9,0.6923076923076923
2021,Cincinnati,13,11.0,0.8461538461538461,12,0.9230769230769231
2021,USC,12,4.0,0.3333333333333333,4,0.3333333333333333
2021,Nebraska,11,6.0,0.5454545454545454,2,0.18181818181818182
2021,Maryland,12,4.5,0.375,6,0.5
2021,Minnesota,13,9.0,0.6923076923076923,9,0.6923076923076923
2021,Iowa,14,8.5,0.6071428571428571,10,0.7142857142857143
2021,Michigan,14,11.0,0.7857142857142857,12,0.8571428571428571
2021,Ohio State,13,11.0,0.8461538461538461,11,0.8461538461538461
2021,Iowa State,12,8.0,0.6666666666666666,6,0.5
2021,Washington,11,4.5,0.4090909090909091,4,0.36363636363636365
2021,Miami (OH),12,7.5,0.625,6,0.5
2021,Oklahoma,12,7.5,0.625,10,0.8333333333333334
2021,Oregon,13,7.5,0.5769230769230769,9,0.6923076923076923
2021,Tulsa,12,6.0,0.5,7,0.5833333333333334
2021,Ball State,12,5.0,0.4166666666666667,5,0.4166666666666667
2021,Oregon State,12,6.0,0.5,6,0.5
2021,Eastern Michigan,12,6.0,0.5,6,0.5
2021,Fresno State,12,8.0,0.6666666666666666,9,0.75
2021,Wyoming,12,5.5,0.4583333333333333,6,0.5
2021,Louisiana,13,9.0,0.6923076923076923,12,0.9230769230769231
2021,Coastal Carolina,12,9.0,0.75,10,0.8333333333333334
2021,Kansas State,12,7.5,0.625,7,0.5833333333333334
2021,Baylor,13,9.5,0.7307692307692307,11,0.8461538461538461
2021,Oklahoma State,13,9.5,0.7307692307692307,11,0.8461538461538461
2021,TCU,11,3.5,0.3181818181818182,4,0.36363636363636365
2021,California,11,6.5,0.5909090909090909,4,0.36363636363636365
2021,Nevada,12,7.5,0.625,7,0.5833333333333334
2021,Arkansas State,11,3.0,0.2727272727272727,1,0.09090909090909091
2021,San José State,11,3.0,0.2727272727272727,4,0.36363636363636365
2021,Hawai'i,12,5.0,0.4166666666666667,5,0.4166666666666667
2021,Washington State,12,6.5,0.5416666666666666,6,0.5
2021,Utah State,13,8.0,0.6153846153846154,10,0.7692307692307693
2021,Arizona,11,2.0,0.18181818181818182,1,0.09090909090909091
2021,San Diego State,13,8.0,0.6153846153846154,11,0.8461538461538461
2021,Arizona State,12,7.0,0.5833333333333334,7,0.5833333333333334
2021,Utah,13,10.5,0.8076923076923077,9,0.6923076923076923
2022,Hawai'i,12,3.5,0.2916666666666667,2,0.16666666666666666
2022,Vanderbilt,11,3.5,0.3181818181818182,4,0.36363636363636365
2022,Alabama,12,9.5,0.7916666666666666,10,0.8333333333333334
2022,Utah State,12,4.0,0.3333333333333333,6,0.5
2022,Arkansas,12,7.0,0.5833333333333334,6,0.5
2022,Cincinnati,12,8.0,0.6666666666666666,8,0.6666666666666666
2022,Florida,12,5.0,0.4166666666666667,5,0.4166666666666667
2022,Utah,13,9.0,0.6923076923076923,9,0.6923076923076923
2022,Georgia,14,13.0,0.9285714285714286,14,1.0
2022,Oregon,12,8.5,0.7083333333333334,9,0.75
2022,Kentucky,12,6.0,0.5,6,0.5
2022,Miami (OH),12,5.0,0.4166666666666667,5,0.4166666666666667
2022,Ole Miss,12,6.5,0.5416666666666666,7,0.5833333333333334
2022,Troy,13,8.5,0.6538461538461539,11,0.8461538461538461
2022,Mississippi State,12,7.0,0.5833333333333334,8,0.6666666666666666
2022,Memphis,12,8.0,0.6666666666666666,6,0.5
2022,South Carolina,12,6.5,0.5416666666666666,7,0.5833333333333334
2022,Georgia State,12,6.0,0.5,4,0.3333333333333333
2022,Tennessee,12,8.5,0.7083333333333334,10,0.8333333333333334
2022,Ball State,11,4.0,0.36363636363636365,4,0.36363636363636365
2022,Florida State,12,8.0,0.6666666666666666,9,0.75
2022,LSU,13,8.0,0.6153846153846154,9,0.6923076923076923
2022,Texas,13,9.5,0.7307692307692307,8,0.6153846153846154
2022,Auburn,11,3.5,0.3181818181818182,4,0.36363636363636365
2022,San José State,11,7.0,0.6363636363636364,6,0.5454545454545454
2022,Arizona,11,3.5,0.3181818181818182,4,0.36363636363636365
2022,Kansas State,13,8.5,0.6538461538461539,9,0.6923076923076923
2022,Missouri,12,6.0,0.5,5,0.4166666666666667
2022,Pittsburgh,12,7.5,0.625,8,0.6666666666666666
2022,Texas A&M,11,5.5,0.5,4,0.36363636363636365
2022,App State,10,5.5,0.55,4,0.4
2022,Wake Forest,12,8.0,0.6666666666666666,7,0.5833333333333334
2022,UL Monroe,11,2.5,0.22727272727272727,3,0.2727272727272727
2022,Penn State,13,10.5,0.8076923076923077,11,0.8461538461538461
2022,South Florida,11,2.0,0.18181818181818182,0,0.0
2022,Georgia Tech,11,2.5,0.22727272727272727,4,0.36363636363636365
2022,Akron,11,3.5,0.3181818181818182,1,0.09090909090909091
2022,Miami,11,4.0,0.36363636363636365,4,0.36363636363636365
2022,Northern Illinois,11,4.0,0.36363636363636365,2,0.18181818181818182
2022,Kent State,11,4.0,0.36363636363636365,4,0.36363636363636365
2022,New Mexico,11,1.0,0.09090909090909091,1,0.09090909090909091
2022,Tulsa,11,3.5,0.3181818181818182,4,0.36363636363636365
2022,Bowling Green,12,4.0,0.3333333333333333,6,0.5
2022,BYU,12,6.5,0.5416666666666666,7,0.5833333333333334
2022,Liberty,12,7.5,0.625,7,0.5833333333333334
2022,New Mexico State,11,5.0,0.45454545454545453,5,0.45454545454545453
2022,Massachusetts,11,1.0,0.09090909090909091,0,0.0
2022,Louisville,13,8.5,0.6538461538461539,8,0.6153846153846154
2022,Clemson,13,9.0,0.6923076923076923,10,0.7692307692307693
2022,Colorado,12,1.0,0.08333333333333333,1,0.08333333333333333
2022,TCU,14,9.5,0.6785714285714286,12,0.8571428571428571
2022,San Diego State,12,5.5,0.4583333333333333,6,0.5
2022,Oregon State,12,8.5,0.7083333333333334,9,0.75
2022,Boise State,13,8.0,0.6153846153846154,9,0.6923076923076923
2022,UCLA,12,8.0,0.6666666666666666,8,0.6666666666666666
2022,Washington,12,9.0,0.75,10,0.8333333333333334
2022,Oklahoma State,12,6.5,0.5416666666666666,6,0.5
2022,Arizona State,11,2.0,0.18181818181818182,2,0.18181818181818182
2022,California,11,4.5,0.4090909090909091,3,0.2727272727272727
2022,UNLV,11,5.5,0.5,4,0.36363636363636365
2022,Air Force,12,9.5,0.7916666666666666,9,0.75
2022,Fresno State,13,8.5,0.6538461538461539,9,0.6923076923076923
2022,Stanford,11,2.0,0.18181818181818182,2,0.18181818181818182
2022,USC,14,10.0,0.7142857142857143,11,0.7857142857142857
2022,Wisconsin,12,6.5,0.5416666666666666,6,0.5
2022,Washington State,12,6.5,0.5416666666666666,6,0.5
2022,Eastern Michigan,12,6.5,0.5416666666666666,8,0.6666666666666666
2022,Notre Dame,13,8.0,0.6153846153846154,9,0.6923076923076923
2022,Minnesota,12,7.0,0.5833333333333334,8,0.6666666666666666
2022,South Alabama,12,7.5,0.625,9,0.75
2022,Michigan State,12,4.0,0.3333333333333333,5,0.4166666666666667
2022,Colorado State,11,3.0,0.2727272727272727,3,0.2727272727272727
2022,Baylor,12,5.5,0.4583333333333333,5,0.4166666666666667
2022,Texas Tech,12,5.0,0.4166666666666667,7,0.5833333333333334
2022,Houston,13,7.0,0.5384615384615384,8,0.6153846153846154
2022,Iowa,12,8.0,0.6666666666666666,7,0.5833333333333334
2022,Iowa State,11,5.5,0.5,3,0.2727272727272727
2022,West Virginia,11,3.0,0.2727272727272727,4,0.36363636363636365
2022,Kansas,12,5.0,0.4166666666666667,5,0.4166666666666667
2022,Oklahoma,13,8.5,0.6538461538461539,6,0.46153846153846156
2022,Ohio,13,8.0,0.6153846153846154,9,0.6923076923076923
2022,Nebraska,11,4.5,0.4090909090909091,3,0.2727272727272727
2022,Texas State,11,4.0,0.36363636363636365,3,0.2727272727272727
2022,NC State,12,6.0,0.5,7,0.5833333333333334
2022,Tulane,13,10.0,0.7692307692307693,11,0.8461538461538461
2022,SMU,12,7.0,0.5833333333333334,6,0.5
2022,Duke,12,8.5,0.7083333333333334,8,0.6666666666666666
2022,Ohio State,13,11.5,0.8846153846153846,11,0.8461538461538461
2022,Marshall,11,6.0,0.5454545454545454,7,0.6363636363636364
2022,North Carolina,13,6.5,0.5,8,0.6153846153846154
2022,Syracuse,12,6.0,0.5,6,0.5
2022,Navy,11,4.5,0.4090909090909091,4,0.36363636363636365
2022,Boston College,11,2.0,0.18181818181818182,2,0.18181818181818182
2022,Coastal Carolina,12,6.0,0.5,8,0.6666666666666666
2022,Army,10,5.0,0.5,4,0.4
2022,UConn,12,4.5,0.375,5,0.4166666666666667
2022,Michigan,14,12.5,0.8928571428571429,13,0.9285714285714286
2022,Southern Miss,12,6.0,0.5,6,0.5
2022,Old Dominion,12,3.5,0.2916666666666667,3,0.25
2022,Virginia Tech,10,3.5,0.35,2,0.2
2022,Illinois,12,8.5,0.7083333333333334,7,0.5833333333333334
2022,Wyoming,12,5.0,0.4166666666666667,6,0.5
2022,Northwestern,11,2.5,0.22727272727272727,1,0.09090909090909091
2022,Indiana,11,2.5,0.22727272727272727,3,0.2727272727272727
2022,Purdue,13,5.5,0.4230769230769231,7,0.5384615384615384
2022,Maryland,13,7.0,0.5384615384615384,8,0.6153846153846154
2022,Buffalo,12,6.0,0.5,7,0.5833333333333334
2022,Rutgers,11,2.5,0.22727272727272727,3,0.2727272727272727
2022,Virginia,9,2.5,0.2777777777777778,2,0.2222222222222222
2022,Georgia Southern,12,5.0,0.4166666666666667,5,0.4166666666666667
2022,Arkansas State,11,3.0,0.2727272727272727,2,0.18181818181818182
2022,Nevada,11,3.5,0.3181818181818182,2,0.18181818181818182
2022,Toledo,13,8.5,0.6538461538461539,8,0.6153846153846154
2022,Temple,11,4.0,0.36363636363636365,2,0.18181818181818182
2022,Central Michigan,11,3.0,0.2727272727272727,3,0.2727272727272727
2022,East Carolina,12,7.0,0.5833333333333334,7,0.5833333333333334
2022,Western Michigan,11,3.0,0.2727272727272727,4,0.36363636363636365
2022,UCF,13,7.0,0.5384615384615384,8,0.6153846153846154
2022,James Madison,10,6.5,0.65,7,0.7
2022,Louisiana,12,7.0,0.5833333333333334,5,0.4166666666666667
2022,Florida Atlantic,11,5.0,0.45454545454545453,4,0.36363636363636365
2022,Charlotte,11,2.5,0.22727272727272727,3,0.2727272727272727
2022,UTEP,12,4.5,0.375,5,0.4166666666666667
2022,North Texas,13,6.5,0.5,6,0.46153846153846156
2022,Louisiana Tech,11,3.5,0.3181818181818182,2,0.18181818181818182
2022,Middle Tennessee,12,6.0,0.5,7,0.5833333333333334
2022,Rice,12,4.0,0.3333333333333333,4,0.3333333333333333
2022,UTSA,13,8.5,0.6538461538461539,10,0.7692307692307693
2022,Western Kentucky,13,8.5,0.6538461538461539,8,0.6153846153846154
2022,Florida International,11,3.0,0.2727272727272727,3,0.2727272727272727
2022,UAB,12,8.0,0.6666666666666666,6,0.5
2023,Jacksonville State,12,6.5,0.5416666666666666,8,0.6666666666666666
2023,UTEP,11,3.0,0.2727272727272727,2,0.18181818181818182
2023,Louisiana Tech,11,3.5,0.3181818181818182,2,0.18181818181818182
2023,Florida International,11,2.0,0.18181818181818182,3,0.2727272727272727
2023,Vanderbilt,11,1.0,0.09090909090909091,1,0.09090909090909091
2023,Hawai'i,12,4.0,0.3333333333333333,4,0.3333333333333333
2023,Minnesota,13,5.5,0.4230769230769231,6,0.46153846153846156
2023,Nebraska,12,7.0,0.5833333333333334,5,0.4166666666666667
2023,Alabama,13,9.5,0.7307692307692307,11,0.8461538461538461
2023,Middle Tennessee,11,4.5,0.4090909090909091,3,0.2727272727272727
2023,Auburn,12,6.0,0.5,5,0.4166666666666667
2023,Massachusetts,11,2.5,0.22727272727272727,2,0.18181818181818182
2023,BYU,11,4.0,0.36363636363636365,4,0.36363636363636365
2023,Sam Houston,11,4.0,0.36363636363636365,2,0.18181818181818182
2023,Illinois,12,4.0,0.3333333333333333,5,0.4166666666666667
2023,Toledo,13,8.5,0.6538461538461539,10,0.7692307692307693
2023,Indiana,11,3.0,0.2727272727272727,2,0.18181818181818182
2023,Ohio State,12,9.5,0.7916666666666666,10,0.8333333333333334
2023,Iowa,14,8.0,0.5714285714285714,10,0.7142857142857143
2023,Utah State,12,4.5,0.375,5,0.4166666666666667
2023,Kentucky,12,7.0,0.5833333333333334,6,0.5
2023,Ball State,11,3.5,0.3181818181818182,3,0.2727272727272727
2023,Liberty,14,12.0,0.8571428571428571,13,0.9285714285714286
2023,Bowling Green,12,6.5,0.5416666666666666,6,0.5
2023,Michigan,15,13.5,0.9,15,1.0
2023,East Carolina,11,3.0,0.2727272727272727,1,0.09090909090909091
2023,Michigan State,11,2.5,0.22727272727272727,3,0.2727272727272727
2023,Central Michigan,11,2.5,0.22727272727272727,4,0.36363636363636365
2023,North Carolina,12,7.0,0.5833333333333334,7,0.5833333333333334
2023,South Carolina,11,3.5,0.3181818181818182,4,0.36363636363636365
2023,Penn State,12,9.5,0.7916666666666666,9,0.75
2023,West Virginia,12,7.0,0.5833333333333334,8,0.6666666666666666
2023,Purdue,12,4.5,0.375,4,0.3333333333333333
2023,Fresno State,12,7.0,0.5833333333333334,8,0.6666666666666666
2023,Rutgers,12,5.0,0.4166666666666667,6,0.5
2023,Northwestern,12,5.5,0.4583333333333333,7,0.5833333333333334
2023,SMU,13,9.0,0.6923076923076923,10,0.7692307692307693
2023,Texas A&M,12,8.0,0.6666666666666666,6,0.5
2023,New Mexico,11,2.5,0.22727272727272727,3,0.2727272727272727
2023,UConn,11,3.5,0.3181818181818182,2,0.18181818181818182
2023,NC State,12,6.5,0.5416666666666666,8,0.6666666666666666
2023,UL Monroe,11,1.5,0.13636363636363635,1,0.09090909090909091
2023,Army,10,4.0,0.4,4,0.4
2023,Utah,12,6.0,0.5,7,0.5833333333333334
2023,Florida,11,4.5,0.4090909090909091,4,0.36363636363636365
2023,Tennessee,12,7.0,0.5833333333333334,8,0.6666666666666666
2023,Virginia,11,3.5,0.3181818181818182,2,0.18181818181818182
2023,Wisconsin,13,7.0,0.5384615384615384,7,0.5384615384615384
2023,Buffalo,11,3.0,0.2727272727272727,3,0.2727272727272727
2023,Western Kentucky,12,6.0,0.5,7,0.5833333333333334
2023,South Florida,12,5.0,0.4166666666666667,6,0.5
2023,Florida State,13,10.5,0.8076923076923077,12,0.9230769230769231
2023,LSU,12,8.5,0.7083333333333334,9,0.75
2023,Texas,14,11.5,0.8214285714285714,12,0.8571428571428571
2023,Arkansas,11,5.0,0.45454545454545453,3,0.2727272727272727
2023,Kent State,11,0.5,0.045454545454545456,0,0.0
2023,California,12,5.0,0.4166666666666667,5,0.4166666666666667
2023,Coastal Carolina,12,6.0,0.5,7,0.5833333333333334
2023,Colorado,12,5.0,0.4166666666666667,4,0.3333333333333333
2023,North Texas,11,5.0,0.45454545454545453,4,0.36363636363636365
2023,Georgia,13,11.5,0.8846153846153846,12,0.9230769230769231
2023,Georgia State,12,6.0,0.5,6,0.5
2023,Iowa State,12,6.5,0.5416666666666666,6,0.5
2023,Kansas,12,8.0,0.6666666666666666,8,0.6666666666666666
2023,New Mexico State,14,8.0,0.5714285714285714,9,0.6428571428571429
2023,Maryland,12,8.0,0.6666666666666666,7,0.5833333333333334
2023,Charlotte,11,1.5,0.13636363636363635,2,0.18181818181818182
2023,Miami,12,7.0,0.5833333333333334,6,0.5
2023,UNLV,13,7.5,0.5769230769230769,8,0.6153846153846154
2023,Eastern Michigan,12,5.0,0.4166666666666667,5,0.4166666666666667
2023,Mississippi State,11,3.5,0.3181818181818182,4,0.36363636363636365
2023,Arizona,12,9.0,0.75,9,0.75
2023,Missouri,12,8.0,0.6666666666666666,10,0.8333333333333334
2023,Temple,11,2.0,0.18181818181818182,2,0.18181818181818182
2023,Air Force,12,8.5,0.7083333333333334,8,0.6666666666666666
2023,Tulane,13,8.0,0.6153846153846154,10,0.7692307692307693
2023,Ole Miss,12,8.0,0.6666666666666666,10,0.8333333333333334
2023,Virginia Tech,13,8.5,0.6538461538461539,7,0.5384615384615384
2023,Wake Forest,11,3.5,0.3181818181818182,3,0.2727272727272727
2023,Washington State,11,5.5,0.5,4,0.36363636363636365
2023,Duke,12,7.5,0.625,7,0.5833333333333334
2023,Western Michigan,11,3.5,0.3181818181818182,3,0.2727272727272727
2023,Akron,11,3.0,0.2727272727272727,1,0.09090909090909091
2023,Louisville,13,7.0,0.5384615384615384,9,0.6923076923076923
2023,Washington,15,10.0,0.6666666666666666,14,0.9333333333333333
2023,Kansas State,12,9.5,0.7916666666666666,8,0.6666666666666666
2023,Northern Illinois,12,7.5,0.625,7,0.5833333333333334
2023,Georgia Tech,12,6.0,0.5,6,0.5
2023,Syracuse,12,5.0,0.4166666666666667,5,0.4166666666666667
2023,Georgia Southern,12,6.0,0.5,5,0.4166666666666667
2023,UAB,11,3.0,0.2727272727272727,3,0.2727272727272727
2023,Houston,12,3.5,0.2916666666666667,4,0.3333333333333333
2023,Florida Atlantic,11,4.5,0.4090909090909091,3,0.2727272727272727
2023,Memphis,12,8.0,0.6666666666666666,9,0.75
2023,Colorado State,11,4.0,0.36363636363636365,4,0.36363636363636365
2023,UTSA,13,9.0,0.6923076923076923,9,0.6923076923076923
2023,Troy,13,10.0,0.7692307692307693,10,0.7692307692307693
2023,Louisiana,12,6.5,0.5416666666666666,5,0.4166666666666667
2023,Boston College,12,5.5,0.4583333333333333,6,0.5
2023,Rice,12,5.0,0.4166666666666667,5,0.4166666666666667
2023,James Madison,12,8.0,0.6666666666666666,10,0.8333333333333334
2023,Old Dominion,12,5.0,0.4166666666666667,5,0.4166666666666667
2023,Southern Miss,11,2.5,0.22727272727272727,2,0.18181818181818182
2023,Clemson,12,8.0,0.6666666666666666,8,0.6666666666666666
2023,Navy,11,4.5,0.4090909090909091,4,0.36363636363636365
2023,Notre Dame,12,9.5,0.7916666666666666,9,0.75
2023,USC,13,7.0,0.5384615384615384,8,0.6153846153846154
2023,San José State,12,6.5,0.5416666666666666,6,0.5
2023,Stanford,11,2.5,0.22727272727272727,3,0.2727272727272727
2023,TCU,11,6.0,0.5454545454545454,4,0.36363636363636365
2023,UCLA,12,7.0,0.5833333333333334,7,0.5833333333333334
2023,Nevada,11,2.0,0.18181818181818182,2,0.18181818181818182
2023,Boise State,13,7.5,0.5769230769230769,7,0.5384615384615384
2023,Arizona State,11,3.5,0.3181818181818182,2,0.18181818181818182
2023,Oklahoma State,13,7.0,0.5384615384615384,9,0.6923076923076923
2023,Baylor,11,2.5,0.22727272727272727,2,0.18181818181818182
2023,San Diego State,11,4.0,0.36363636363636365,3,0.2727272727272727
2023,Texas Tech,12,6.0,0.5,6,0.5
2023,Oregon,13,11.5,0.8846153846153846,11,0.8461538461538461
2023,Tulsa,11,4.0,0.36363636363636365,3,0.2727272727272727
2023,Oregon State,12,8.0,0.6666666666666666,7,0.5833333333333334
2023,Pittsburgh,11,2.5,0.22727272727272727,2,0.18181818181818182
2023,Miami (OH),13,10.0,0.7692307692307693,10,0.7692307692307693
2023,App State,13,8.5,0.6538461538461539,8,0.6153846153846154
2023,Cincinnati,11,3.5,0.3181818181818182,2,0.18181818181818182
2023,Marshall,12,4.0,0.3333333333333333,5,0.4166666666666667
2023,UCF,12,5.5,0.4583333333333333,5,0.4166666666666667
2023,Texas State,12,7.5,0.625,7,0.5833333333333334
2023,Oklahoma,13,9.5,0.7307692307692307,10,0.7692307692307693
2023,Arkansas State,12,5.5,0.4583333333333333,5,0.4166666666666667
2023,Wyoming,12,6.5,0.5416666666666666,8,0.6666666666666666
2023,Ohio,12,8.0,0.6666666666666666,9,0.75
2023,South Alabama,12,7.0,0.5833333333333334,6,0.5
2024,Alabama,12,8.5,0.7083333333333334,8,0.6666666666666666
2024,Western Kentucky,13,7.0,0.5384615384615384,7,0.5384615384615384
2024,Florida,12,7.0,0.5833333333333334,7,0.5833333333333334
2024,Miami,12,9.0,0.75,9,0.75
2024,Georgia,13,9.0,0.6923076923076923,10,0.7692307692307693
2024,Clemson,13,8.5,0.6538461538461539,9,0.6923076923076923
2024,Kentucky,11,3.5,0.3181818181818182,3,0.2727272727272727
2024,Southern Miss,11,0.0,0.0,0,0.0
2024,Oklahoma,12,5.0,0.4166666666666667,5,0.4166666666666667
2024,Temple,12,3.5,0.2916666666666667,3,0.25
2024,South Carolina,12,8.0,0.6666666666666666,8,0.6666666666666666
2024,Old Dominion,12,6.5,0.5416666666666666,5,0.4166666666666667
2024,Texas,16,12.5,0.78125,13,0.8125
2024,Colorado State,12,6.5,0.5416666666666666,7,0.5833333333333334
2024,Texas A&M,12,7.0,0.5833333333333334,7,0.5833333333333334
2024,Notre Dame,16,13.5,0.84375,14,0.875
2024,Vanderbilt,12,6.0,0.5,6,0.5
2024,Virginia Tech,13,8.5,0.6538461538461539,6,0.46153846153846156
2024,LSU,12,7.0,0.5833333333333334,8,0.6666666666666666
2024,USC,13,7.5,0.5769230769230769,7,0.5384615384615384
2024,South Florida,12,6.0,0.5,6,0.5
2024,Oklahoma State,11,3.0,0.2727272727272727,2,0.18181818181818182
2024,Arkansas,12,7.0,0.5833333333333334,6,0.5
2024,Auburn,11,5.0,0.45454545454545453,4,0.36363636363636365
2024,California,12,6.5,0.5416666666666666,5,0.4166666666666667
2024,Ole Miss,12,10.5,0.875,9,0.75
2024,Middle Tennessee,11,1.5,0.13636363636363635,2,0.18181818181818182
2024,Arizona State,14,9.0,0.6428571428571429,11,0.7857142857142857
2024,Mississippi State,11,1.5,0.13636363636363635,1,0.09090909090909091
2024,Missouri,12,6.5,0.5416666666666666,9,0.75
2024,Buffalo,12,7.5,0.625,8,0.6666666666666666
2024,Houston,12,3.5,0.2916666666666667,4,0.3333333333333333
2024,NC State,12,5.5,0.4583333333333333,5,0.4166666666666667
2024,Tennessee,12,8.5,0.7083333333333334,9,0.75
2024,Michigan,13,6.0,0.46153846153846156,8,0.6153846153846154
2024,Wisconsin,11,4.5,0.4090909090909091,4,0.36363636363636365
2024,UAB,11,3.0,0.2727272727272727,2,0.18181818181818182
2024,New Mexico,11,4.5,0.4090909090909091,5,0.45454545454545453
2024,Wake Forest,11,3.5,0.3181818181818182,3,0.2727272727272727
2024,Toledo,12,6.5,0.5416666666666666,7,0.5833333333333334
2024,Boston College,12,6.0,0.5,6,0.5
2024,Tulane,13,7.5,0.5769230769230769,8,0.6153846153846154
2024,Kent State,11,0.5,0.045454545454545456,0,0.0
2024,UTSA,12,7.0,0.5833333333333334,6,0.5
2024,Georgia State,11,3.0,0.2727272727272727,2,0.18181818181818182
2024,Ohio,13,8.5,0.6538461538461539,10,0.7692307692307693
2024,UCLA,12,3.5,0.2916666666666667,5,0.4166666666666667
2024,Georgia Southern,12,6.5,0.5416666666666666,7,0.5833333333333334
2024,Akron,11,2.5,0.22727272727272727,3,0.2727272727272727
2024,UL Monroe,11,4.0,0.36363636363636365,4,0.36363636363636365
2024,Bowling Green,12,7.5,0.625,6,0.5
2024,South Alabama,12,7.0,0.5833333333333334,6,0.5
2024,UCF,11,4.0,0.36363636363636365,3,0.2727272727272727
2024,Massachusetts,10,1.5,0.15,0,0.0
2024,Ball State,11,3.0,0.2727272727272727,2,0.18181818181818182
2024,New Mexico State,11,2.5,0.22727272727272727,2,0.18181818181818182
2024,Louisiana Tech,12,5.5,0.4583333333333333,4,0.3333333333333333
2024,UTEP,11,3.0,0.2727272727272727,3,0.2727272727272727
2024,Florida State,11,2.0,0.18181818181818182,1,0.09090909090909091
2024,Georgia Tech,12,5.5,0.4583333333333333,6,0.5
2024,Louisville,12,8.5,0.7083333333333334,8,0.6666666666666666
2024,Minnesota,12,7.5,0.625,7,0.5833333333333334
2024,North Carolina,12,5.5,0.4583333333333333,5,0.4166666666666667
2024,Indiana,12,9.5,0.7916666666666666,10,0.8333333333333334
2024,Florida International,11,5.5,0.5,4,0.36363636363636365
2024,Maryland,11,3.0,0.2727272727272727,3,0.2727272727272727
2024,UConn,12,7.5,0.625,8,0.6666666666666666
2024,Fresno State,12,6.5,0.5416666666666666,5,0.4166666666666667
2024,Michigan State,11,3.5,0.3181818181818182,4,0.36363636363636365
2024,Florida Atlantic,11,3.5,0.3181818181818182,2,0.18181818181818182
2024,Nebraska,12,7.5,0.625,6,0.5
2024,Ohio State,16,14.0,0.875,14,0.875
2024,West Virginia,12,4.5,0.375,5,0.4166666666666667
2024,Penn State,16,13.0,0.8125,13,0.8125
2024,Hawai'i,10,3.5,0.35,3,0.3
2024,Western Michigan,12,5.0,0.4166666666666667,5,0.4166666666666667
2024,Illinois,12,7.0,0.5833333333333334,9,0.75
2024,Kansas,11,6.0,0.5454545454545454,4,0.36363636363636365
2024,Iowa,12,8.0,0.6666666666666666,7,0.5833333333333334
2024,Iowa State,13,8.0,0.6153846153846154,10,0.7692307692307693
2024,Colorado,12,8.0,0.6666666666666666,8,0.6666666666666666
2024,Oregon,13,10.0,0.7692307692307693,12,0.9230769230769231
2024,Boise State,13,10.0,0.7692307692307693,11,0.8461538461538461
2024,Rutgers,12,6.5,0.5416666666666666,6,0.5
2024,Utah State,11,3.5,0.3181818181818182,3,0.2727272727272727
2024,Washington,12,6.0,0.5,5,0.4166666666666667
2024,Eastern Michigan,11,4.5,0.4090909090909091,4,0.36363636363636365
2024,Central Michigan,11,3.0,0.2727272727272727,3,0.2727272727272727
2024,Troy,11,4.0,0.36363636363636365,3,0.2727272727272727
2024,Virginia,11,3.5,0.3181818181818182,4,0.36363636363636365
2024,Arkansas State,12,4.5,0.375,7,0.5833333333333334
2024,Nevada,12,4.0,0.3333333333333333,2,0.16666666666666666
2024,Oregon State,11,4.0,0.36363636363636365,4,0.36363636363636365
2024,Washington State,12,6.5,0.5416666666666666,7,0.5833333333333334
2024,Charlotte,11,3.5,0.3181818181818182,4,0.36363636363636365
2024,Northwestern,11,2.5,0.22727272727272727,3,0.2727272727272727
2024,Marshall,12,7.5,0.625,9,0.75
2024,Purdue,11,1.5,0.13636363636363635,0,0.0
2024,Northern Illinois,12,7.5,0.625,7,0.5833333333333334
2024,Miami (OH),14,8.5,0.6071428571428571,9,0.6428571428571429
2024,Stanford,11,3.0,0.2727272727272727,2,0.18181818181818182
2024,Navy,12,8.5,0.7083333333333334,9,0.75
2024,Duke,12,5.5,0.4583333333333333,8,0.6666666666666666
2024,Rice,11,3.5,0.3181818181818182,3,0.2727272727272727
2024,North Texas,12,5.5,0.4583333333333333,5,0.4166666666666667
2024,Army,13,10.5,0.8076923076923077,11,0.8461538461538461
2024,Liberty,11,6.5,0.5909090909090909,7,0.6363636363636364
2024,TCU,12,7.0,0.5833333333333334,8,0.6666666666666666
2024,Syracuse,12,6.5,0.5416666666666666,9,0.75
2024,Pittsburgh,12,6.0,0.5,6,0.5
2024,SMU,13,9.5,0.7307692307692307,10,0.7692307692307693
2024,BYU,12,9.0,0.75,10,0.8333333333333334
2024,UNLV,13,9.5,0.7307692307692307,10,0.7692307692307693
2024,App State,10,2.5,0.25,4,0.4
2024,Jacksonville State,14,9.5,0.6785714285714286,9,0.6428571428571429
2024,Cincinnati,11,5.5,0.5,4,0.36363636363636365
2024,San Diego State,11,2.5,0.22727272727272727,2,0.18181818181818182
2024,Memphis,12,8.0,0.6666666666666666,10,0.8333333333333334
2024,James Madison,12,8.5,0.7083333333333334,8,0.6666666666666666
2024,Coastal Carolina,12,4.0,0.3333333333333333,5,0.4166666666666667
2024,San José State,12,6.5,0.5416666666666666,6,0.5
2024,Louisiana,13,9.0,0.6923076923076923,9,0.6923076923076923
2024,Arizona,11,4.0,0.36363636363636365,3,0.2727272727272727
2024,Wyoming,11,3.5,0.3181818181818182,3,0.2727272727272727
2024,Kansas State,12,7.0,0.5833333333333334,8,0.6666666666666666
2024,Sam Houston,13,7.0,0.5384615384615384,10,0.7692307692307693
2024,Utah,11,6.0,0.5454545454545454,4,0.36363636363636365
2024,Baylor,12,7.5,0.625,7,0.5833333333333334
2024,Texas Tech,12,5.0,0.4166666666666667,7,0.5833333333333334
2024,Air Force,11,3.5,0.3181818181818182,4,0.36363636363636365
2024,Texas State,12,8.0,0.6666666666666666,7,0.5833333333333334
2024,Tulsa,11,2.0,0.18181818181818182,2,0.18181818181818182
2024,Kennesaw State,11,2.0,0.18181818181818182,2,0.18181818181818182
2024,East Carolina,12,6.0,0.5,7,0.5833333333333334
2025,Kansas State,11,7.0,0.6363636363636364,5,0.45454545454545453
2025,Iowa State,11,6.0,0.5454545454545454,7,0.6363636363636364
2025,Kansas,11,4.5,0.4090909090909091,4,0.36363636363636365
2025,Fresno State,12,7.0,0.5833333333333334,8,0.6666666666666666
2025,Western Kentucky,12,7.5,0.625,8,0.6666666666666666
2025,Sam Houston,12,1.5,0.125,2,0.16666666666666666
2025,Hawai'i,12,8.0,0.6666666666666666,8,0.6666666666666666
2025,Stanford,12,4.0,0.3333333333333333,4,0.3333333333333333
2025,South Florida,12,8.5,0.7083333333333334,8,0.6666666666666666
2025,Boise State,13,7.5,0.5769230769230769,8,0.6153846153846154
2025,Rutgers,11,4.0,0.36363636363636365,4,0.36363636363636365
2025,Ohio,12,7.0,0.5833333333333334,8,0.6666666666666666
2025,NC State,12,6.5,0.5416666666666666,7,0.5833333333333334
2025,East Carolina,12,8.0,0.6666666666666666,8,0.6666666666666666
2025,Akron,11,3.5,0.3181818181818182,4,0.36363636363636365
2025,Wyoming,11,3.5,0.3181818181818182,3,0.2727272727272727
2025,UCF,11,4.0,0.36363636363636365,4,0.36363636363636365
2025,Jacksonville State,13,7.5,0.5769230769230769,8,0.6153846153846154
2025,Minnesota,12,5.5,0.4583333333333333,7,0.5833333333333334
2025,Buffalo,11,4.5,0.4090909090909091,4,0.36363636363636365
2025,Cincinnati,12,6.0,0.5,6,0.5
2025,Nebraska,12,5.0,0.4166666666666667,6,0.5
2025,Wisconsin,12,3.5,0.2916666666666667,4,0.3333333333333333
2025,Miami (OH),13,7.0,0.5384615384615384,6,0.46153846153846156
2025,Michigan State,11,3.5,0.3181818181818182,3,0.2727272727272727
2025,Western Michigan,13,8.0,0.6153846153846154,9,0.6923076923076923
2025,Charlotte,11,0.0,0.0,0,0.0
2025,App State,12,5.0,0.4166666666666667,4,0.3333333333333333
2025,Wake Forest,12,6.5,0.5416666666666666,8,0.6666666666666666
2025,Kennesaw State,13,6.5,0.5,9,0.6923076923076923
2025,Colorado,12,4.0,0.3333333333333333,3,0.25
2025,Georgia Tech,12,7.0,0.5833333333333334,8,0.6666666666666666
2025,Baylor,11,4.5,0.4090909090909091,4,0.36363636363636365
2025,Auburn,11,7.0,0.6363636363636364,4,0.36363636363636365
2025,UNLV,13,8.0,0.6153846153846154,9,0.6923076923076923
2025,San José State,11,3.0,0.2727272727272727,2,0.18181818181818182
2025,Central Michigan,12,6.5,0.5416666666666666,6,0.5
2025,Southern Miss,12,5.5,0.4583333333333333,6,0.5
2025,Mississippi State,12,4.5,0.375,4,0.3333333333333333
2025,Purdue,11,2.5,0.22727272727272727,1,0.09090909090909091
2025,Ball State,11,2.5,0.22727272727272727,3,0.2727272727272727
2025,Tennessee,12,7.5,0.625,7,0.5833333333333334
2025,Syracuse,11,1.5,0.13636363636363635,2,0.18181818181818182
2025,Tulane,14,8.5,0.6071428571428571,11,0.7857142857142857
2025,Northwestern,12,6.0,0.5,6,0.5
2025,Ohio State,13,11.0,0.8461538461538461,11,0.8461538461538461
2025,Texas,13,9.5,0.7307692307692307,10,0.7692307692307693
2025,Maryland,11,4.5,0.4090909090909091,3,0.2727272727272727
2025,Florida Atlantic,11,3.0,0.2727272727272727,3,0.2727272727272727
2025,Kentucky,11,4.0,0.36363636363636365,4,0.36363636363636365
2025,Toledo,12,9.0,0.75,7,0.5833333333333334
2025,Indiana,15,13.0,0.8666666666666667,15,1.0
2025,Old Dominion,12,8.5,0.7083333333333334,9,0.75
2025,Penn State,12,8.0,0.6666666666666666,6,0.5
2025,Nevada,11,3.0,0.2727272727272727,2,0.18181818181818182
2025,Georgia,13,10.0,0.7692307692307693,11,0.8461538461538461
2025,Marshall,11,5.5,0.5,4,0.36363636363636365
2025,Massachusetts,11,0.5,0.045454545454545456,0,0.0
2025,Temple,11,4.0,0.36363636363636365,4,0.36363636363636365
2025,Florida State,11,6.0,0.5454545454545454,4,0.36363636363636365
2025,Alabama,14,8.5,0.6071428571428571,10,0.7142857142857143
2025,Virginia,13,9.0,0.6923076923076923,10,0.7692307692307693
2025,Coastal Carolina,12,5.0,0.4166666666666667,5,0.4166666666666667
2025,Texas A&M,12,8.5,0.7083333333333334,10,0.8333333333333334
2025,UTSA,12,7.0,0.5833333333333334,6,0.5
2025,USC,13,9.0,0.6923076923076923,9,0.6923076923076923
2025,Missouri State,12,5.0,0.4166666666666667,6,0.5
2025,Michigan,13,7.5,0.5769230769230769,9,0.6923076923076923
2025,New Mexico,12,7.0,0.5833333333333334,8,0.6666666666666666
2025,Utah State,12,5.5,0.4583333333333333,5,0.4166666666666667
2025,UTEP,11,2.5,0.22727272727272727,1,0.09090909090909091
2025,Clemson,12,7.0,0.5833333333333334,6,0.5
2025,LSU,12,6.5,0.5416666666666666,6,0.5
2025,Ole Miss,14,10.0,0.7142857142857143,12,0.8571428571428571
2025,Georgia State,11,1.0,0.09090909090909091,0,0.0
2025,Louisiana,12,4.5,0.375,5,0.4166666666666667
2025,Rice,12,3.5,0.2916666666666667,4,0.3333333333333333
2025,Texas State,12,7.5,0.625,6,0.5
2025,Eastern Michigan,11,3.5,0.3181818181818182,4,0.36363636363636365
2025,Georgia Southern,12,4.5,0.375,6,0.5
2025,Arizona,12,8.0,0.6666666666666666,8,0.6666666666666666
2025,Oregon State,11,2.0,0.18181818181818182,1,0.09090909090909091
2025,California,12,5.0,0.4166666666666667,6,0.5
2025,UCLA,12,3.5,0.2916666666666667,3,0.25
2025,Utah,12,10.0,0.8333333333333334,10,0.8333333333333334
2025,Washington,12,8.0,0.6666666666666666,8,0.6666666666666666
2025,Colorado State,11,2.0,0.18181818181818182,1,0.09090909090909091
2025,South Carolina,11,4.0,0.36363636363636365,3,0.2727272727272727
2025,Virginia Tech,11,1.5,0.13636363636363635,2,0.18181818181818182
2025,Miami,15,11.5,0.7666666666666667,12,0.8
2025,Notre Dame,12,11.0,0.9166666666666666,10,0.8333333333333334
2025,North Carolina,11,4.0,0.36363636363636365,3,0.2727272727272727
2025,TCU,12,7.0,0.5833333333333334,8,0.6666666666666666
2025,Louisville,12,8.0,0.6666666666666666,8,0.6666666666666666
2025,James Madison,13,10.0,0.7692307692307693,11,0.8461538461538461
2025,Northern Illinois,11,3.5,0.3181818181818182,2,0.18181818181818182
2025,SMU,12,8.5,0.7083333333333334,8,0.6666666666666666
2025,Pittsburgh,12,8.0,0.6666666666666666,7,0.5833333333333334
2025,Iowa,12,8.5,0.7083333333333334,8,0.6666666666666666
2025,Duke,13,7.0,0.5384615384615384,8,0.6153846153846154
2025,Illinois,12,6.5,0.5416666666666666,8,0.6666666666666666
2025,Liberty,11,4.5,0.4090909090909091,3,0.2727272727272727
2025,Texas Tech,13,11.5,0.8846153846153846,11,0.8461538461538461
2025,Kent State,11,3.5,0.3181818181818182,4,0.36363636363636365
2025,Florida International,12,5.5,0.4583333333333333,6,0.5
2025,UConn,12,7.5,0.625,8,0.6666666666666666
2025,Troy,13,6.0,0.46153846153846156,7,0.5384615384615384
2025,Oregon,14,11.0,0.7857142857142857,12,0.8571428571428571
2025,Oklahoma State,11,2.0,0.18181818181818182,0,0.0
2025,Delaware,12,5.0,0.4166666666666667,6,0.5
2025,Bowling Green,11,4.0,0.36363636363636365,3,0.2727272727272727
2025,Missouri,12,8.0,0.6666666666666666,7,0.5833333333333334
2025,North Texas,13,9.5,0.7307692307692307,11,0.8461538461538461
2025,Navy,12,7.5,0.625,10,0.8333333333333334
2025,UAB,11,2.0,0.18181818181818182,3,0.2727272727272727
2025,West Virginia,11,3.5,0.3181818181818182,3,0.2727272727272727
2025,Middle Tennessee,11,4.0,0.36363636363636365,3,0.2727272727272727
2025,Florida,11,3.0,0.2727272727272727,3,0.2727272727272727
2025,Arkansas,11,4.0,0.36363636363636365,1,0.09090909090909091
2025,Arkansas State,12,6.0,0.5,6,0.5
2025,Army,12,7.0,0.5833333333333334,7,0.5833333333333334
2025,South Alabama,11,3.5,0.3181818181818182,3,0.2727272727272727
2025,Houston,12,6.5,0.5416666666666666,9,0.75
2025,Memphis,12,7.5,0.625,7,0.5833333333333334
2025,Boston College,11,2.5,0.22727272727272727,1,0.09090909090909091
2025,Vanderbilt,12,8.5,0.7083333333333334,9,0.75
2025,Louisiana Tech,12,7.5,0.625,7,0.5833333333333334
2025,Oklahoma,12,7.5,0.625,9,0.75
2025,Arizona State,12,6.0,0.5,7,0.5833333333333334
2025,UL Monroe,11,2.0,0.18181818181818182,2,0.18181818181818182
2025,New Mexico State,11,4.0,0.36363636363636365,3,0.2727272727272727
2025,Tulsa,11,3.5,0.3181818181818182,3,0.2727272727272727
2025,BYU,13,9.0,0.6923076923076923,11,0.8461538461538461
2025,Washington State,12,8.0,0.6666666666666666,6,0.5
2025,San Diego State,12,8.5,0.7083333333333334,8,0.6666666666666666
2025,Air Force,11,4.0,0.36363636363636365,3,0.2727272727272727
