team,conference,proj_war,slots,imputed,starters,proj_win_rate,proj_wins_12,rank,QB,RB,WR,TE,OT,IOL,DT,EDGE,LB,CB,SAF
Oregon,Big Ten,6.401217764767778,44,10,22,0.6745476789774748,8.09,1,1.103,0.74,0.597,0.319,0.338,0.446,0.616,0.667,0.416,0.64,0.52
Ohio State,Big Ten,6.207290723110799,44,8,22,0.657948226715553,7.9,2,1.129,0.591,0.745,0.203,0.473,0.707,0.539,0.516,0.411,0.39,0.503
Miami,ACC,6.17590037016326,43,6,22,0.6552613262153163,7.86,3,0.746,0.462,0.855,0.351,0.301,0.52,0.533,0.596,0.549,0.691,0.571
Texas Tech,Big 12,6.118891416226008,44,4,22,0.650381566274166,7.8,4,0.73,0.616,0.632,0.659,0.449,0.488,0.499,0.342,0.548,0.624,0.533
Texas A&M,SEC,5.766668122020882,44,3,22,0.6202325282249155,7.44,5,0.747,0.529,0.784,0.199,0.4,0.319,0.523,0.438,0.62,0.533,0.676
Notre Dame,FBS Independents,5.246069124115418,44,2,22,0.575671139882687,6.91,6,0.667,0.298,0.51,0.232,0.36,0.459,0.301,0.504,0.781,0.691,0.444
Georgia,SEC,5.17893752906329,44,4,22,0.5699249185315383,6.84,7,0.822,0.492,0.338,0.3,0.369,0.4,0.402,0.35,0.65,0.35,0.706
Texas,SEC,5.0685030047723405,48,5,24,0.5604721233031236,6.73,8,0.596,0.47,0.582,0.288,0.358,0.412,0.403,0.546,0.349,0.529,0.535
Ole Miss,SEC,4.948532176435121,44,4,22,0.5502030549937672,6.6,9,1.05,0.403,0.45,0.291,0.294,0.409,0.478,0.561,0.267,0.426,0.32
Indiana,Big Ten,4.869786599442417,44,8,22,0.5434627188603467,6.52,10,0.791,0.356,0.571,0.056,0.466,0.484,0.473,0.249,0.519,0.51,0.394
Alabama,SEC,4.778656193448736,44,6,22,0.5356622862286904,6.43,11,0.56,0.308,0.614,0.214,0.261,0.404,0.315,0.457,0.33,0.648,0.669
Oklahoma,SEC,4.695754567670483,43,5,22,0.5285662073745823,6.34,12,0.742,0.293,0.551,0.091,0.309,0.397,0.559,0.396,0.554,0.449,0.356
Florida,SEC,4.487790197441,46,3,23,0.5107652106373091,6.13,13,0.702,0.582,0.446,0.166,0.208,0.402,0.285,0.339,0.488,0.472,0.397
LSU,SEC,4.466572442537761,44,5,22,0.5089490476792597,6.11,14,0.802,0.225,0.524,0.506,0.279,0.288,0.291,0.358,0.443,0.454,0.297
SMU,ACC,4.33758088204769,44,4,22,0.4979078373753708,5.97,15,0.965,0.21,0.47,0.28,0.359,0.384,0.22,0.298,0.454,0.407,0.289
Auburn,SEC,4.278471532225152,44,5,22,0.49284829115515877,5.91,16,0.843,0.239,0.337,0.151,0.234,0.274,0.38,0.407,0.635,0.298,0.48
Michigan,Big Ten,4.22867124249954,44,11,22,0.48858556675701953,5.86,17,0.782,0.379,0.377,0.202,0.456,0.372,0.348,0.279,0.242,0.513,0.279
Nebraska,Big Ten,4.210879085739979,44,3,22,0.4870626225907832,5.84,18,0.91,0.217,0.535,0.328,0.399,0.347,0.19,0.299,0.411,0.334,0.24
Tennessee,SEC,4.201077168433386,44,7,22,0.4862236139769464,5.83,19,0.311,0.415,0.626,0.382,0.335,0.437,0.234,0.289,0.492,0.261,0.419
Missouri,SEC,4.151745722576747,44,8,22,0.48200102091559655,5.78,20,0.492,0.691,0.337,0.3,0.372,0.323,0.406,0.259,0.409,0.287,0.275
Clemson,ACC,3.9813394018644863,44,5,22,0.46741485716234193,5.61,21,0.309,0.37,0.575,0.262,0.235,0.256,0.262,0.477,0.48,0.426,0.33
USC,Big Ten,3.930731956640295,44,6,22,0.4630830431774584,5.56,22,0.895,0.308,0.361,0.116,0.31,0.284,0.352,0.282,0.346,0.374,0.303
Maryland,Big Ten,3.8776093254754445,44,2,22,0.4585359383873571,5.5,23,0.848,0.247,0.283,0.251,0.229,0.389,0.286,0.297,0.482,0.307,0.259
Utah,Big 12,3.870350675671203,43,4,22,0.457914624258693,5.49,24,0.938,0.366,0.342,0.114,0.174,0.352,0.294,0.333,0.413,0.27,0.274
BYU,Big 12,3.8011614500529523,46,6,23,0.45199227718488477,5.42,25,0.647,0.563,0.18,0.242,0.219,0.344,0.234,0.315,0.481,0.346,0.23
Florida State,ACC,3.786154124577774,43,7,22,0.45070770448849423,5.41,26,0.615,0.277,0.576,0.193,0.288,0.249,0.315,0.321,0.477,0.278,0.198
Washington,Big Ten,3.762133449373267,44,8,22,0.44865162170628164,5.38,27,0.618,0.13,0.381,0.313,0.307,0.319,0.286,0.261,0.538,0.329,0.281
South Carolina,SEC,3.740043753592957,44,5,22,0.4467608237677754,5.36,28,0.64,0.213,0.454,0.134,0.279,0.288,0.305,0.407,0.41,0.293,0.317
Virginia,ACC,3.7186700397200614,44,1,22,0.44493131128688745,5.34,29,0.547,0.258,0.319,0.114,0.458,0.368,0.272,0.329,0.456,0.325,0.273
Vanderbilt,SEC,3.6881267977568437,44,4,22,0.44231692041823517,5.31,30,0.384,0.449,0.372,0.253,0.169,0.263,0.319,0.289,0.386,0.412,0.392
UCLA,Big Ten,3.6726168381716735,43,4,22,0.4409893240628297,5.29,31,0.729,0.347,0.323,0.14,0.136,0.327,0.245,0.271,0.393,0.376,0.384
Louisville,ACC,3.6444901632670526,44,10,22,0.43858178258033914,5.26,32,0.146,0.541,0.291,0.199,0.266,0.341,0.174,0.573,0.516,0.188,0.41
Minnesota,Big Ten,3.5993918159963867,44,7,22,0.43472152742347897,5.22,33,0.657,0.505,0.351,0.19,0.235,0.352,0.034,0.343,0.433,0.232,0.268
Northwestern,Big Ten,3.5389622717331024,42,7,22,0.4295489773415653,5.15,34,0.772,0.25,0.402,0.117,0.184,0.301,0.158,0.258,0.504,0.248,0.345
Pittsburgh,ACC,3.521328497386425,44,7,22,0.42803959013612886,5.14,35,0.544,0.272,0.184,0.14,0.376,0.348,0.391,0.252,0.448,0.29,0.277
Mississippi State,SEC,3.4343595994046017,44,11,22,0.420595367515156,5.05,36,0.756,0.369,0.32,0.165,0.178,0.205,0.232,0.174,0.423,0.314,0.3
Penn State,Big Ten,3.4066245473814782,44,9,22,0.41822134753266127,5.02,37,0.698,0.254,0.178,0.24,0.312,0.258,0.195,0.191,0.456,0.339,0.286
Illinois,Big Ten,3.3641463907509612,44,11,22,0.4145853712029139,4.98,38,0.648,0.199,0.468,0.272,0.157,0.266,0.16,0.233,0.269,0.384,0.309
Arizona,Big 12,3.3464995452734287,44,6,22,0.4130748651560267,4.96,39,0.781,0.18,0.364,0.12,0.273,0.329,0.188,0.222,0.454,0.238,0.196
Wake Forest,ACC,3.333664477466822,44,8,22,0.41197622984702653,4.94,40,0.677,0.254,0.249,0.148,0.152,0.284,0.189,0.36,0.317,0.306,0.397
Houston,Big 12,3.2363297565805826,43,8,22,0.40364473033580056,4.84,41,0.674,0.215,0.533,0.185,0.196,0.29,0.204,0.22,0.193,0.181,0.345
Virginia Tech,ACC,3.2116613966215777,44,4,22,0.40153320808485166,4.82,42,0.407,0.271,0.278,0.217,0.241,0.249,0.271,0.23,0.316,0.409,0.322
Texas State,Pac-12,3.1880756659825167,44,9,22,0.39951435498184734,4.79,43,0.694,0.26,0.524,0.137,0.27,0.167,0.203,0.18,0.237,0.254,0.262
Kentucky,SEC,3.1659768926615093,44,10,22,0.3976227800387409,4.77,44,0.515,0.198,0.151,0.359,0.242,0.244,0.314,0.384,0.254,0.248,0.258
Wisconsin,Big Ten,3.125171128582883,46,7,23,0.3941299544531657,4.73,45,0.506,0.24,0.245,0.189,0.218,0.283,0.188,0.286,0.459,0.255,0.255
Rutgers,Big Ten,3.099848215489673,44,13,22,0.3919624048250584,4.7,46,0.677,0.394,0.413,0.064,0.292,0.316,0.159,0.222,0.237,0.114,0.212
TCU,Big 12,3.08750702164119,44,7,22,0.3909060433378071,4.69,47,0.167,0.267,0.368,0.198,0.317,0.301,0.285,0.342,0.299,0.221,0.323
NC State,ACC,3.0871711613256148,44,13,22,0.39087729491145334,4.69,48,0.835,0.123,0.17,0.077,0.236,0.274,0.174,0.232,0.25,0.243,0.473
Michigan State,Big Ten,3.052553910740607,43,8,23,0.38791418366293945,4.65,49,0.615,0.281,0.218,0.065,0.359,0.213,0.213,0.29,0.437,0.147,0.216
Kansas,Big 12,3.0450204788393953,44,6,22,0.38726934918217737,4.65,50,0.305,0.2,0.301,0.19,0.215,0.297,0.308,0.302,0.307,0.353,0.268
Baylor,Big 12,2.9767173745831026,44,7,22,0.3814228508869634,4.58,51,0.535,0.208,0.247,0.131,0.374,0.148,0.307,0.154,0.302,0.223,0.348
UCF,Big 12,2.972209186251689,41,6,22,0.38103696629678124,4.57,52,0.66,0.101,0.242,0.213,0.212,0.153,0.24,0.266,0.337,0.304,0.246
Kansas State,Big 12,2.969612534104895,44,8,22,0.38081470227943104,4.57,53,0.673,0.215,0.198,0.399,0.306,0.129,0.146,0.216,0.24,0.243,0.204
Georgia Tech,ACC,2.944367466339863,44,12,22,0.3786538159294197,4.54,54,0.231,0.412,0.196,0.15,0.284,0.265,0.223,0.224,0.301,0.389,0.27
Army,American Athletic,2.9027732076930546,35,5,24,0.3750934980651428,4.5,55,0.566,0.514,0.113,0.225,0.419,0.312,0.179,0.098,0.093,0.142,0.241
Cincinnati,Big 12,2.875094260215537,42,10,21,0.37272428042851224,4.47,56,0.562,0.151,0.224,0.163,0.214,0.328,0.15,0.146,0.358,0.251,0.329
Duke,ACC,2.8625508370960864,44,10,22,0.37165060884824497,4.46,57,0.136,0.436,0.077,0.335,0.184,0.248,0.21,0.297,0.419,0.292,0.229
Florida Atlantic,American Athletic,2.8308257919964137,45,12,23,0.36893505991221354,4.43,58,0.691,0.23,0.641,0.011,0.154,0.168,0.229,0.138,0.281,0.232,0.055
Arizona State,Big 12,2.830065710809433,44,3,22,0.36886999971601464,4.43,59,0.427,0.196,0.328,0.142,0.178,0.234,0.252,0.254,0.265,0.195,0.359
Syracuse,ACC,2.8190025625778667,44,13,22,0.36792303430383,4.42,60,0.799,0.094,0.102,0.126,0.223,0.188,0.188,0.21,0.265,0.325,0.299
Oklahoma State,Big 12,2.7999686077205905,44,5,22,0.3662937967188634,4.4,61,0.657,0.35,0.287,0.119,0.176,0.216,0.199,0.234,0.233,0.149,0.179
North Carolina,ACC,2.728980383026629,43,10,22,0.3602174618410782,4.32,62,0.25,0.264,0.239,0.133,0.203,0.143,0.364,0.248,0.273,0.315,0.296
Colorado,Big 12,2.7261508838900856,44,7,22,0.35997526696489757,4.32,63,0.422,0.131,0.466,0.07,0.213,0.166,0.339,0.141,0.373,0.183,0.222
Iowa,Big Ten,2.725024091186353,44,13,22,0.35987881759128326,4.32,64,0.213,0.212,0.214,0.229,0.378,0.376,0.189,0.261,0.275,0.324,0.054
Arkansas,SEC,2.670254112013893,44,11,22,0.355190705779276,4.26,65,0.429,0.252,0.336,0.257,0.202,0.367,0.124,0.278,0.238,0.061,0.127
UTSA,American Athletic,2.5589520039198015,44,11,22,0.34566364852014897,4.15,66,0.594,0.351,0.332,0.089,0.245,0.181,0.148,0.045,0.334,0.105,0.136
Navy,American Athletic,2.507666018065574,46,12,24,0.34127375391535897,4.1,67,0.385,0.174,0.119,0.209,0.298,0.259,0.245,0.039,0.326,0.21,0.244
Stanford,ACC,2.489230526831615,46,6,23,0.339695742648604,4.08,68,0.21,0.205,0.165,0.117,0.23,0.213,0.108,0.352,0.422,0.188,0.279
California,ACC,2.48727519013422,46,10,23,0.3395283729105465,4.07,69,0.458,0.161,0.361,0.24,0.138,0.276,0.109,0.169,0.046,0.184,0.345
Memphis,American Athletic,2.4228428868063543,44,7,22,0.33401320115276556,4.01,70,0.241,0.137,0.278,0.197,0.266,0.222,0.2,0.202,0.222,0.178,0.281
New Mexico,Mountain West,2.388157836099202,42,12,22,0.33104428645940315,3.97,71,0.468,0.048,0.15,0.094,0.175,0.285,0.165,0.181,0.444,0.115,0.264
Tulsa,American Athletic,2.3780041158020464,44,6,22,0.33017516478398634,3.96,72,0.544,0.104,0.215,0.059,0.161,0.172,0.211,0.201,0.216,0.25,0.245
South Florida,American Athletic,2.3738903138492717,44,8,22,0.3298230382391444,3.96,73,0.287,0.04,0.306,0.148,0.146,0.292,0.158,0.257,0.236,0.175,0.329
Boise State,Pac-12,2.3331942259170186,44,11,22,0.3263396005343951,3.92,74,0.366,0.293,0.177,0.121,0.14,0.272,0.148,0.24,0.223,0.199,0.154
UNLV,Mountain West,2.3188565487044936,44,7,22,0.32511234730347577,3.9,75,0.581,0.353,0.196,0.118,0.155,0.185,0.022,0.157,0.241,0.18,0.133
Iowa State,Big 12,2.3027269773706194,46,10,23,0.32373171442693505,3.88,76,0.655,0.085,0.265,0.129,0.169,0.152,0.139,0.213,0.177,0.183,0.136
Purdue,Big Ten,2.2979245805176927,44,7,22,0.3233206466530866,3.88,77,0.525,0.092,0.219,0.129,0.207,0.153,0.202,0.211,0.303,0.199,0.059
Central Michigan,Mid-American,2.2801783376582003,39,1,24,0.3218016325503722,3.86,78,0.276,0.131,0.213,0.067,0.184,0.188,0.064,0.272,0.503,0.145,0.237
Western Michigan,Mid-American,2.2265183090929703,44,17,22,0.3172085284895294,3.81,79,0.601,0.185,0.15,0.052,0.215,0.213,0.121,0.092,0.169,0.193,0.235
East Carolina,American Athletic,2.185908450558586,42,5,22,0.31373247170887025,3.76,80,0.343,0.121,0.3,0.049,0.096,0.129,0.273,0.24,0.255,0.177,0.202
Louisiana Tech,Sun Belt,2.127925378864348,41,9,21,0.3087693308164796,3.71,81,0.391,0.022,0.149,0.263,0.202,0.121,0.07,0.124,0.461,0.175,0.15
Marshall,Sun Belt,2.120635226909384,44,16,22,0.3081453202178307,3.7,82,0.52,0.049,0.171,0.281,0.153,0.147,0.095,0.06,0.323,0.138,0.184
Tulane,American Athletic,2.0671589357985876,44,10,22,0.3035679434174955,3.64,83,0.316,0.185,0.201,0.063,0.139,0.174,0.192,0.123,0.204,0.17,0.299
Air Force,Mountain West,2.0477310863452476,46,15,23,0.3019049898819955,3.62,84,0.412,0.217,0.12,0.059,0.204,0.206,0.094,0.194,0.279,0.088,0.176
Missouri State,Conference USA,2.0376519649563947,43,13,23,0.3010422536028936,3.61,85,0.439,0.263,0.201,0.103,0.078,0.082,0.104,0.13,0.251,0.146,0.24
North Texas,American Athletic,2.0075241792972394,44,16,22,0.29846342428887174,3.58,86,0.308,0.237,0.082,0.144,0.153,0.199,0.101,0.151,0.275,0.236,0.122
West Virginia,Big 12,1.9997029741522163,45,12,23,0.29779395746090276,3.57,87,0.254,0.403,0.133,0.103,0.214,0.175,0.061,0.153,0.252,0.15,0.102
Jacksonville State,Conference USA,1.9809474273809962,43,15,22,0.2961885505995646,3.55,88,0.399,0.097,0.154,0.066,0.14,0.165,0.125,0.166,0.292,0.17,0.208
Delaware,Conference USA,1.9619682518674832,42,11,22,0.2945640019279851,3.53,89,0.398,0.204,0.237,0.074,0.118,0.199,0.08,0.124,0.214,0.108,0.207
James Madison,Sun Belt,1.9286593261136575,43,19,22,0.291712878545592,3.5,90,0.111,0.162,0.175,0.024,0.233,0.228,0.177,0.151,0.252,0.215,0.201
Boston College,ACC,1.9241912796482639,44,6,22,0.2913304299537265,3.5,91,0.095,0.134,0.151,0.278,0.189,0.281,0.191,0.137,0.067,0.21,0.19
Fresno State,Pac-12,1.8878713819839656,44,4,22,0.2882215782830925,3.46,92,0.115,0.254,0.183,0.073,0.198,0.147,0.201,0.146,0.242,0.193,0.137
San Diego State,Pac-12,1.8798165435525502,43,13,22,0.2875321132921488,3.45,93,0.254,0.205,0.291,0.123,0.164,0.126,0.122,0.167,0.201,0.065,0.162
Liberty,Conference USA,1.8640271325676145,45,8,23,0.2861805969092407,3.43,94,0.069,0.184,0.147,0.118,0.206,0.316,0.173,0.179,0.191,0.144,0.138
Temple,American Athletic,1.8514591348096068,44,7,22,0.285104821828935,3.42,95,0.091,0.138,0.221,0.314,0.217,0.247,0.108,0.09,0.2,0.079,0.146
Oregon State,Pac-12,1.8254470375958665,43,14,22,0.2828782805366912,3.39,96,0.209,0.115,0.146,0.088,0.134,0.146,0.18,0.172,0.354,0.208,0.073
Florida International,Conference USA,1.7841927243003348,44,12,22,0.2793470607630258,3.35,97,0.37,0.12,0.19,0.055,0.07,0.179,0.067,0.179,0.241,0.184,0.129
Arkansas State,Sun Belt,1.7467234244094152,44,14,22,0.2761398244255216,3.31,98,0.204,0.121,0.294,0.089,0.142,0.22,0.215,0.077,0.061,0.094,0.23
Middle Tennessee,Conference USA,1.745377123364766,44,18,22,0.2760245859330974,3.31,99,0.446,0.067,0.291,0.08,0.108,0.079,0.066,0.215,0.11,0.153,0.13
Louisiana,Sun Belt,1.7360835828608991,42,4,21,0.2752290925319706,3.3,100,0.372,0.093,0.153,0.143,0.147,0.138,0.135,0.058,0.126,0.218,0.154
Western Kentucky,Conference USA,1.7353341208581987,42,10,22,0.2751649412994779,3.3,101,0.251,0.093,0.21,0.07,0.157,0.139,0.13,0.074,0.158,0.161,0.29
Washington State,Pac-12,1.6711312964827867,44,14,22,0.26966941210873574,3.24,102,0.203,0.187,0.268,0.153,0.148,0.123,0.027,0.166,0.116,0.132,0.149
Georgia State,Sun Belt,1.6686973678055756,43,19,22,0.26946107663091334,3.23,103,0.549,0.024,0.136,0.135,0.134,0.163,0.127,0.053,0.098,0.132,0.116
Utah State,Pac-12,1.6683338559630725,47,17,24,0.26942996133402275,3.23,104,0.067,0.244,0.139,0.071,0.068,0.265,0.177,0.086,0.306,0.054,0.191
Nevada,Mountain West,1.6545487739978926,44,14,22,0.26825000825449075,3.22,105,0.138,0.132,0.108,0.034,0.266,0.191,0.174,0.281,0.042,0.213,0.076
Toledo,Mid-American,1.6536245903915503,44,26,22,0.26817090148565825,3.22,106,0.5,0.079,0.092,0.041,0.187,0.098,0.097,0.138,0.218,0.049,0.153
Miami (OH),Mid-American,1.635338514490407,33,4,18,0.2666056796301327,3.2,107,0.308,0.096,0.163,0.045,0.148,0.196,0.048,0.189,0.23,0.137,0.076
Old Dominion,Sun Belt,1.633260577607784,35,12,20,0.2664278157603409,3.2,108,0.298,0.125,0.125,0.062,0.082,0.044,0.074,0.122,0.32,0.116,0.265
Hawai'i,Mountain West,1.6282382179844965,43,8,22,0.2659979199701683,3.19,109,0.367,0.104,0.153,0.091,0.1,0.143,0.046,0.101,0.174,0.233,0.118
Charlotte,American Athletic,1.5928529247915482,41,11,22,0.2629690670566617,3.16,110,0.525,0.065,0.151,0.095,0.107,0.118,0.149,0.124,0.171,0.016,0.072
Troy,Sun Belt,1.5782668198756378,42,12,22,0.261720549314266,3.14,111,0.284,0.08,0.087,0.111,0.174,0.174,0.126,0.15,0.194,0.087,0.112
App State,Sun Belt,1.5609338956872585,43,14,22,0.2602369137925453,3.12,112,0.224,0.202,0.119,0.04,0.149,0.103,0.057,0.119,0.276,0.178,0.095
South Alabama,Sun Belt,1.5571348691861038,38,11,20,0.25991173088608277,3.12,113,0.381,0.229,0.162,0.099,0.126,0.059,0.045,0.073,0.148,0.117,0.118
Rice,American Athletic,1.5330381213466853,43,11,22,0.2578491365618961,3.09,114,0.095,0.128,0.094,0.028,0.314,0.232,0.147,0.176,0.119,0.06,0.14
New Mexico State,Conference USA,1.510767229996092,43,13,22,0.2559428289389576,3.07,115,0.174,0.082,0.18,0.058,0.08,0.139,0.135,0.16,0.279,0.098,0.124
Wyoming,Mountain West,1.4955539487433973,44,14,22,0.2546406271740898,3.06,116,0.116,0.138,0.134,0.052,0.218,0.07,0.151,0.102,0.255,0.111,0.15
Eastern Michigan,Mid-American,1.469167796745015,26,3,16,0.25238206814730024,3.03,117,0.418,0.153,0.141,0.169,0.101,0.067,0.049,0.094,0.091,0.125,0.061
Bowling Green,Mid-American,1.460802462664881,40,11,22,0.25166602585360187,3.02,118,0.151,0.149,0.127,0.111,0.111,0.102,0.064,0.126,0.25,0.095,0.174
Kennesaw State,Conference USA,1.4383782625966715,44,17,22,0.24974659555979872,3.0,119,0.065,0.033,0.176,0.067,0.145,0.082,0.186,0.193,0.293,0.105,0.093
Akron,Mid-American,1.437879356478757,44,13,22,0.2497038910034009,3.0,120,0.143,0.155,0.201,0.093,0.139,0.159,0.079,0.069,0.111,0.133,0.157
Kent State,Mid-American,1.4320372934306138,45,13,23,0.24920383156944986,2.99,121,0.26,-0.011,0.151,0.163,0.1,0.137,0.122,0.091,0.212,0.052,0.154
UConn,FBS Independents,1.40039386633608,44,13,22,0.2464952688389957,2.96,122,0.182,0.126,0.137,0.049,0.1,0.156,0.168,0.154,0.106,0.078,0.144
Coastal Carolina,Sun Belt,1.3702960924390286,32,9,20,0.2439190084230918,2.93,123,0.062,0.093,0.18,0.094,0.11,0.105,0.023,0.119,0.359,0.027,0.197
UAB,American Athletic,1.332259266494113,43,17,22,0.24066319391123805,2.89,124,0.383,0.128,0.146,0.111,0.141,0.198,0.023,0.054,0.092,0.057,-0.0
Georgia Southern,Sun Belt,1.2906216131634785,32,5,21,0.2370991616192235,2.85,125,0.321,0.132,0.105,0.062,0.095,0.086,0.057,0.143,0.139,0.11,0.041
Sam Houston,Conference USA,1.262841031570503,43,14,22,0.23472124447048107,2.82,126,0.06,0.2,0.122,0.076,0.093,0.116,0.177,0.034,0.123,0.103,0.159
UL Monroe,Sun Belt,1.2488711221688573,25,5,20,0.23352547083192804,2.8,127,0.117,0.034,0.122,0.077,0.145,0.139,0.009,0.06,0.287,0.126,0.132
Northern Illinois,Mountain West,1.2205811881311774,44,21,22,0.23110395495905653,2.77,128,0.144,0.134,0.198,0.053,0.123,0.154,0.058,0.087,0.122,0.097,0.052
Ohio,Mid-American,1.217022069631544,25,7,19,0.23079930730845355,2.77,129,0.158,0.126,0.107,0.012,0.152,0.124,0.059,0.046,0.196,0.119,0.118
UTEP,Mountain West,1.213438444328397,44,22,22,0.23049256196424606,2.77,130,0.088,0.138,0.067,0.062,0.11,0.067,0.08,0.104,0.254,0.128,0.115
Buffalo,Mid-American,1.211783491888432,44,21,22,0.23035090403047764,2.76,131,0.21,0.084,0.108,0.029,0.105,0.105,0.06,0.063,0.047,0.242,0.158
Massachusetts,Mid-American,1.1094341848458258,43,18,22,0.22159017410968795,2.66,132,0.096,0.121,0.087,0.131,0.1,0.103,0.041,0.022,0.164,0.102,0.142
Ball State,Mid-American,1.1008589465169822,43,14,22,0.2208561647726816,2.65,133,0.049,0.093,0.135,0.1,0.147,0.07,0.116,0.084,0.143,0.067,0.097
San José State,Mountain West,1.0575723182182974,34,15,16,0.21715098619684106,2.61,134,0.208,0.0,0.101,0.0,0.123,0.133,0.092,0.099,0.195,0.073,0.033
Colorado State,Pac-12,1.0461307085953067,44,13,22,0.21617162586053312,2.59,135,0.152,0.109,0.13,0.038,0.103,0.04,0.084,0.094,0.095,0.102,0.099
Southern Miss,Sun Belt,1.0146324091359982,28,11,18,0.213475485529927,2.56,136,0.255,0.083,0.119,0.009,0.039,0.159,0.046,0.045,0.15,0.092,0.017
Sacramento State,Mid-American,0.5022749572183652,44,38,22,0.1696195436691204,2.04,137,0.048,0.028,0.064,0.046,0.054,0.058,0.05,0.055,0.015,0.075,0.009
North Dakota State,Mountain West,0.3899191884051461,43,43,22,0.1600022968693395,1.92,138,0.073,0.017,0.036,0.016,0.036,0.038,0.028,0.037,0.052,0.032,0.023
